ID,utterance,charlie,morgane,list-ID,child,age,file,similar,different
10,va tu la tu le gardes le tricycle ? [media],"[PAR-Initiation:Non-Information-seeking,NULL,NULL]","[PAR-Initiation:Non-Information-seeking,NULL,NULL]",2,Adrien,2,020222,"PAR-Initiation:Non-Information-seeking , NULL",
15,tiens tu prends ça Adrien ? [media],"[PAR-Initiation:Non-Information-seeking,NULL,NULL]","[PAR-Initiation:Non-Information-seeking,NULL,NULL]",2,Adrien,2,020222,"PAR-Initiation:Non-Information-seeking , NULL",
31,papa tu veux que papa il fasse ? [media],"[PAR-Initiation:Information-seeking:fact-based ,NULL,NULL]","[PAR-Initiation:Information-seeking:fact-based ,NULL,NULL]",2,Adrien,2,020222,"PAR-Initiation:Information-seeking:fact-based  , NULL",
32,papa papa ! [media],"[CHI-Response:Non-answer:declarative,NULL,NULL]","[CHI-Response:Non-answer:declarative,NULL,NULL]",2,Adrien,2,020222,"CHI-Response:Non-answer:declarative , NULL",
33,oui ! [media],"[PAR-Follow-up:Signal-agreement,NULL,NULL]","[PAR-Follow-up:Signal-agreement,NULL,NULL]",2,Adrien,2,020222,"PAR-Follow-up:Signal-agreement , NULL",
35,tu fais toi Adrien ? [media],"[PAR-Initiation:Non-Information-seeking,NULL,NULL]","[PAR-Initiation:Non-Information-seeking,NULL,NULL]",2,Adrien,2,020222,"PAR-Initiation:Non-Information-seeking , NULL",
38,tombé Adrien ? [media],"[PAR-Initiation:Non-Information-seeking,NULL,NULL]","[PAR-Initiation:Non-Information-seeking,NULL,NULL]",2,Adrien,2,020222,"PAR-Initiation:Non-Information-seeking , NULL",
46,tu prends ça ? [media],"[PAR-Initiation:Non-Information-seeking,NULL,NULL]","[PAR-Initiation:Non-Information-seeking,NULL,NULL]",2,Adrien,2,020222,"PAR-Initiation:Non-Information-seeking , NULL",
47,comment ça s'appelle Adrien ? [media],"[PAR-Initiation:Information-seeking:fact-based ,CHI-Response:No-response,NULL]","[PAR-Initiation:Information-seeking:fact-based ,NULL,NULL]",2,Adrien,2,020222,"PAR-Initiation:Information-seeking:fact-based  , NULL",CHI-Response:No-response
48,comment ça s'appelle ça ? [media],"[PAR-Follow-up:Re-ask-initial-question,PAR-Initiation:Information-seeking:fact-based ,CHI-Response:No-response]","[PAR-Initiation:Information-seeking:fact-based ,CHI-Response:No-response,NULL]",2,Adrien,2,020222,"PAR-Initiation:Information-seeking:fact-based  , CHI-Response:No-response","PAR-Follow-up:Re-ask-initial-question , NULL"
49,hein une voiture ! [media],"[PAR-Follow-up:Give-response,NULL,NULL]","[PAR-Follow-up:Give-response,NULL,NULL]",2,Adrien,2,020222,"PAR-Follow-up:Give-response , NULL",
50,comment tu dis voiture Adrien ? [media],"[PAR-Follow-up:Followup-question,PAR-Initiation:Information-seeking:fact-based ,CHI-Response:No-response]","[PAR-Initiation:Non-Information-seeking,NULL,NULL]",2,Adrien,2,020222,,"PAR-Follow-up:Followup-question , PAR-Initiation:Information-seeking:fact-based  , CHI-Response:No-response , PAR-Initiation:Non-Information-seeking , NULL"
51,hein comment tu dis Adrien voiture ? [media],"[PAR-Follow-up:Re-ask-initial-question,PAR-Initiation:Information-seeking:fact-based ,NULL]","[PAR-Initiation:Non-Information-seeking,NULL,NULL]",2,Adrien,2,020222,NULL,"PAR-Follow-up:Re-ask-initial-question , PAR-Initiation:Information-seeking:fact-based  , PAR-Initiation:Non-Information-seeking"
52,voiture ! [media],"[CHI-Response:Answer:no-explanation-needed,PAR-Follow-up:No-followup,NULL]","[NULL,NULL,NULL]",2,Adrien,2,020222,NULL,"CHI-Response:Answer:no-explanation-needed , PAR-Follow-up:No-followup"
59,comment ça s'appelle comment ça s'appelle ça Adrien ? [media],"[PAR-Initiation:Information-seeking:fact-based ,NULL,NULL]","[PAR-Initiation:Information-seeking:fact-based ,NULL,NULL]",2,Adrien,2,020222,"PAR-Initiation:Information-seeking:fact-based  , NULL",
60,x pieds ! [media],"[CHI-Response:Answer:no-explanation-needed,NULL,NULL]","[CHI-Response:Answer:no-explanation-needed,NULL,NULL]",2,Adrien,2,020222,"CHI-Response:Answer:no-explanation-needed , NULL",
61,de quoi ? [media],"[PAR-Follow-up:Followup-question,PAR-Initiation:Information-seeking:fact-based ,NULL]","[PAR-Follow-up:other,NULL,NULL]",2,Adrien,2,020222,NULL,"PAR-Follow-up:Followup-question , PAR-Initiation:Information-seeking:fact-based  , PAR-Follow-up:other"
62,comment tu dis Adrien ? [media],"[PAR-Initiation:Information-seeking:fact-based ,NULL,NULL]","[PAR-Follow-up:Followup-question,PAR-Initiation:Information-seeking:fact-based ,NULL]",2,Adrien,2,020222,"PAR-Initiation:Information-seeking:fact-based  , NULL",PAR-Follow-up:Followup-question
63,x pieds ! [media],"[CHI-Response:Answer:no-explanation-needed,NULL,NULL]","[CHI-Response:Answer:no-explanation-needed,NULL,NULL]",2,Adrien,2,020222,"CHI-Response:Answer:no-explanation-needed , NULL",
64,ça veut dire quoi ça ? [media],"[PAR-Follow-up:Followup-question,PAR-Initiation:Information-seeking:fact-based ,No-response+No-follow-up]","[PAR-Follow-up:Followup-question,PAR-Initiation:Information-seeking:fact-based ,CHI-Response:No-response]",2,Adrien,2,020222,"PAR-Follow-up:Followup-question , PAR-Initiation:Information-seeking:fact-based ","No-response+No-follow-up , CHI-Response:No-response"
65,oh merde ! [media],"[NULL,NULL,NULL]","[PAR-Follow-up:other,NULL,NULL]",2,Adrien,2,020222,NULL,PAR-Follow-up:other
66,tu enlèves ton pantalon Adrien ? [media],"[PAR-Initiation:Non-Information-seeking,NULL,NULL]","[PAR-Initiation:Non-Information-seeking,NULL,NULL]",2,Adrien,2,020222,"PAR-Initiation:Non-Information-seeking , NULL",
69,t'enlèves tes chaussettes Adrien ? [media],"[PAR-Initiation:Non-Information-seeking,NULL,NULL]","[PAR-Initiation:Non-Information-seeking,NULL,NULL]",2,Adrien,2,020222,"PAR-Initiation:Non-Information-seeking , NULL",
71,comment ça s'appelle Adrien ? [media],"[PAR-Initiation:Information-seeking:fact-based ,CHI-Response:No-response,NULL]","[PAR-Initiation:Information-seeking:fact-based ,NULL,NULL]",2,Adrien,2,020222,"PAR-Initiation:Information-seeking:fact-based  , NULL",CHI-Response:No-response
72,comment est-ce que ça s'appelle ? [media],"[PAR-Follow-up:Re-ask-initial-question,PAR-Initiation:Information-seeking:fact-based ,CHI-Response:No-response]","[PAR-Initiation:Information-seeking:fact-based ,NULL,NULL]",2,Adrien,2,020222,PAR-Initiation:Information-seeking:fact-based ,"PAR-Follow-up:Re-ask-initial-question , CHI-Response:No-response , NULL"
73,hein comment ça s'appelle ça ? [media],"[PAR-Follow-up:Re-ask-initial-question,PAR-Initiation:Information-seeking:fact-based ,NULL]","[PAR-Initiation:Information-seeking:fact-based ,CHI-Response:No-response,NULL]",2,Adrien,2,020222,"PAR-Initiation:Information-seeking:fact-based  , NULL","PAR-Follow-up:Re-ask-initial-question , CHI-Response:No-response"
74,vas_y t'enlèves l'autre ? [media],"[PAR-Initiation:Non-Information-seeking,NULL,NULL]","[PAR-Follow-up:other,PAR-Initiation:Non-Information-seeking,NULL]",2,Adrien,2,020222,"PAR-Initiation:Non-Information-seeking , NULL",PAR-Follow-up:other
77,comment est-ce que ça s'appelle ? [media],"[PAR-Initiation:Information-seeking:fact-based ,NULL,NULL]","[PAR-Initiation:Information-seeking:fact-based ,NULL,NULL]",2,Adrien,2,020222,"PAR-Initiation:Information-seeking:fact-based  , NULL",
78,x pieds ! [media],"[CHI-Response:Answer:no-explanation-needed,NULL,NULL]","[CHI-Response:Answer:no-explanation-needed,NULL,NULL]",2,Adrien,2,020222,"CHI-Response:Answer:no-explanation-needed , NULL",
79,non des chaussettes comment tu dis Adrien ? [media],"[PAR-Follow-up:Signal-disagreement,PAR-Follow-up:Followup-question,PAR-Initiation:Information-seeking:fact-based ]","[PAR-Follow-up:Signal-disagreement,PAR-Follow-up:Give-response,PAR-Initiation:Non-Information-seeking]",2,Adrien,2,020222,PAR-Follow-up:Signal-disagreement,"PAR-Follow-up:Followup-question , PAR-Initiation:Information-seeking:fact-based  , PAR-Follow-up:Give-response , PAR-Initiation:Non-Information-seeking"
80,yyy . [media],"[CHI-Response:No-label,NULL,NULL]","[NULL,NULL,NULL]",2,Adrien,2,020222,NULL,CHI-Response:No-label
81,chaussettes ! [media],"[PAR-Follow-up:Give-response,NULL,NULL]","[NULL,NULL,NULL]",2,Adrien,2,020222,NULL,PAR-Follow-up:Give-response
82,oui ? [media],"[PAR-Initiation:Information-seeking:fact-based ,NULL,NULL]","[PAR-Initiation:Non-Information-seeking,NULL,NULL]",2,Adrien,2,020222,NULL,"PAR-Initiation:Information-seeking:fact-based  , PAR-Initiation:Non-Information-seeking"
83,comment ça s'appelle ? [media],"[PAR-Initiation:Information-seeking:fact-based ,CHI-Response:No-response,NULL]","[PAR-Initiation:Information-seeking:fact-based ,No-response+No-follow-up,NULL]",2,Adrien,2,020222,"PAR-Initiation:Information-seeking:fact-based  , NULL","CHI-Response:No-response , No-response+No-follow-up"
84,tu viens Adrien oh oh oh ! [media],"[PAR-Follow-up:other,NULL,NULL]","[NULL,NULL,NULL]",2,Adrien,2,020222,NULL,PAR-Follow-up:other
88,t'enlèves ta couche Adrien ? [media],"[PAR-Initiation:Non-Information-seeking,NULL,NULL]","[PAR-Initiation:Non-Information-seeking,NULL,NULL]",2,Adrien,2,020222,"PAR-Initiation:Non-Information-seeking , NULL",
89,tu vas la mettre à la poubelle ta couche ? [media],"[PAR-Initiation:Non-Information-seeking,NULL,NULL]","[PAR-Initiation:Non-Information-seeking,NULL,NULL]",2,Adrien,2,020222,"PAR-Initiation:Non-Information-seeking , NULL",
92,allez on attend ? [media],"[PAR-Initiation:Non-Information-seeking,NULL,NULL]","[PAR-Initiation:Non-Information-seeking,NULL,NULL]",2,Adrien,2,020222,"PAR-Initiation:Non-Information-seeking , NULL",
94,comment ça s'appelle ça Adrien ? [media],"[PAR-Initiation:Information-seeking:fact-based ,CHI-Response:No-response,NULL]","[PAR-Initiation:Information-seeking:fact-based ,CHI-Response:No-response,NULL]",2,Adrien,2,020222,"PAR-Initiation:Information-seeking:fact-based  , CHI-Response:No-response , NULL",
95,regarde ! [media],"[PAR-Follow-up:other,NULL,NULL]","[NULL,NULL,NULL]",2,Adrien,2,020222,NULL,PAR-Follow-up:other
96,c'est quoi ça ? [media],"[PAR-Follow-up:Re-ask-initial-question,PAR-Initiation:Information-seeking:fact-based ,NULL]","[PAR-Follow-up:Followup-question,PAR-Initiation:Information-seeking:fact-based ,NULL]",2,Adrien,2,020222,"PAR-Initiation:Information-seeking:fact-based  , NULL","PAR-Follow-up:Re-ask-initial-question , PAR-Follow-up:Followup-question"
97,bateau ! [media],"[CHI-Response:Answer:no-explanation-needed,NULL,NULL]","[CHI-Response:Answer:no-explanation-needed,NULL,NULL]",2,Adrien,2,020222,"CHI-Response:Answer:no-explanation-needed , NULL",
98,oui un bateau hop ça s'appelle comment ça ? [media],"[PAR-Follow-up:Signal-agreement,PAR-Follow-up:Followup-question,PAR-Initiation:Information-seeking:fact-based ]","[PAR-Follow-up:Signal-agreement,PAR-Follow-up:Followup-question,PAR-Initiation:Information-seeking:fact-based ]",2,Adrien,2,020222,"PAR-Follow-up:Signal-agreement , PAR-Follow-up:Followup-question , PAR-Initiation:Information-seeking:fact-based ",
99,bateau ! [media],"[CHI-Response:Answer:no-explanation-needed,NULL,NULL]","[CHI-Response:Answer:no-explanation-needed,NULL,NULL]",2,Adrien,2,020222,"CHI-Response:Answer:no-explanation-needed , NULL",
100,non ça s'appelle un seau ! [media],"[PAR-Follow-up:Signal-disagreement,PAR-Follow-up:Give-response,NULL]","[PAR-Follow-up:Signal-disagreement,PAR-Follow-up:Give-response,NULL]",2,Adrien,2,020222,"PAR-Follow-up:Signal-disagreement , PAR-Follow-up:Give-response , NULL",
101,tu dis Adrien seau ? [media],"[PAR-Follow-up:Followup-question,PAR-Initiation:Non-Information-seeking,NULL]","[PAR-Follow-up:Followup-question,PAR-Initiation:Non-Information-seeking,NULL]",2,Adrien,2,020222,"PAR-Follow-up:Followup-question , PAR-Initiation:Non-Information-seeking , NULL",
104,seau comment tu dis seau ? [media],"[PAR-Initiation:Information-seeking:fact-based ,NULL,NULL]","[PAR-Initiation:Non-Information-seeking,NULL,NULL]",2,Adrien,2,020222,NULL,"PAR-Initiation:Information-seeking:fact-based  , PAR-Initiation:Non-Information-seeking"
105,seau ! [media],"[CHI-Response:Answer:no-explanation-needed,NULL,NULL]","[NULL,NULL,NULL]",2,Adrien,2,020222,NULL,CHI-Response:Answer:no-explanation-needed
106,oui seau ! [media],"[PAR-Follow-up:Signal-agreement,PAR-Follow-up:Repeat-answer,NULL]","[NULL,NULL,NULL]",2,Adrien,2,020222,NULL,"PAR-Follow-up:Signal-agreement , PAR-Follow-up:Repeat-answer"
109,et ça regarde c'est quoi ça ? [media],"[PAR-Initiation:Information-seeking:fact-based ,CHI-Response:No-response,NULL]","[PAR-Initiation:Information-seeking:fact-based ,CHI-Response:No-response,NULL]",2,Adrien,2,020222,"PAR-Initiation:Information-seeking:fact-based  , CHI-Response:No-response , NULL",
110,ah tu dis ah ! [media],"[PAR-Follow-up:other,NULL,NULL]","[PAR-Follow-up:other,NULL,NULL]",2,Adrien,2,020222,"PAR-Follow-up:other , NULL",
114,allo ? [media],"[PAR-Initiation:Non-Information-seeking,NULL,NULL]","[PAR-Initiation:Non-Information-seeking,NULL,NULL]",2,Adrien,2,020222,"PAR-Initiation:Non-Information-seeking , NULL",
120,aïe aïe ? [media],"[PAR-Initiation:Non-Information-seeking,NULL,NULL]","[PAR-Initiation:Non-Information-seeking,NULL,NULL]",2,Adrien,2,020222,"PAR-Initiation:Non-Information-seeking , NULL",
128,oh hisse ? [media],"[PAR-Initiation:Non-Information-seeking,NULL,NULL]","[PAR-Initiation:Non-Information-seeking,NULL,NULL]",2,Adrien,2,020222,"PAR-Initiation:Non-Information-seeking , NULL",
138,tu veux du savon tu fais pipi mon bonhomme ? [media],"[PAR-Initiation:Non-Information-seeking,NULL,NULL]","[PAR-Initiation:Non-Information-seeking,NULL,NULL]",2,Adrien,2,020222,"PAR-Initiation:Non-Information-seeking , NULL",
144,tu te savonnes ? [media],"[PAR-Initiation:Non-Information-seeking,NULL,NULL]","[PAR-Initiation:Non-Information-seeking,NULL,NULL]",2,Adrien,2,020222,"PAR-Initiation:Non-Information-seeking , NULL",
147,un autre ? [media],"[PAR-Initiation:Information-seeking:fact-based ,CHI-Response:No-response,NULL]","[PAR-Initiation:Non-Information-seeking,NULL,NULL]",2,Adrien,2,020222,NULL,"PAR-Initiation:Information-seeking:fact-based  , CHI-Response:No-response , PAR-Initiation:Non-Information-seeking"
148,tiens ah non non non frotte-toi pas les yeux ça va te faire mal aux yeux après vas_y mets bien la main comme ça ! [media],"[PAR-Follow-up:other,NULL,NULL]","[NULL,NULL,NULL]",2,Adrien,2,020222,NULL,PAR-Follow-up:other
155,attends on rince ? [media],"[PAR-Initiation:Non-Information-seeking,NULL,NULL]","[PAR-Initiation:Non-Information-seeking,NULL,NULL]",2,Adrien,2,020222,"PAR-Initiation:Non-Information-seeking , NULL",
158,allo ? [media],"[CHI-Initiation:Non-information-seeking,NULL,NULL]","[CHI-Initiation:Non-information-seeking,NULL,NULL]",1,Adrien,2,020222,"CHI-Initiation:Non-information-seeking , NULL",
160,oui ? [media],"[PAR-Initiation:Information-seeking:fact-based ,NULL,NULL]","[PAR-Initiation:Non-Information-seeking,NULL,NULL]",2,Adrien,2,020222,NULL,"PAR-Initiation:Information-seeking:fact-based  , PAR-Initiation:Non-Information-seeking"
161,allo ! [media],"[CHI-Response:Non-answer:declarative,NULL,NULL]","[NULL,NULL,NULL]",2,Adrien,2,020222,NULL,CHI-Response:Non-answer:declarative
163,comment ça s'appelle ? [media],"[PAR-Follow-up:Followup-question,PAR-Initiation:Information-seeking:fact-based ,NULL]","[PAR-Initiation:Information-seeking:fact-based ,NULL,NULL]",2,Adrien,2,020222,"PAR-Initiation:Information-seeking:fact-based  , NULL",PAR-Follow-up:Followup-question
164,bateau ! [media],"[CHI-Response:Answer:no-explanation-needed,NULL,NULL]","[CHI-Response:Answer:no-explanation-needed,NULL,NULL]",2,Adrien,2,020222,"CHI-Response:Answer:no-explanation-needed , NULL",
165,broum le bateau broum bo bo ! [media],"[PAR-Follow-up:other,NULL,NULL]","[PAR-Follow-up:Repeat-answer,PAR-Follow-up:other,NULL]",2,Adrien,2,020222,"PAR-Follow-up:other , NULL",PAR-Follow-up:Repeat-answer
169,et papa ? [media],"[PAR-Initiation:Non-Information-seeking,NULL,NULL]","[PAR-Initiation:Non-Information-seeking,NULL,NULL]",2,Adrien,2,020222,"PAR-Initiation:Non-Information-seeking , NULL",
171,il est où papa ? [media],"[PAR-Initiation:Information-seeking:fact-based ,NULL,NULL]","[PAR-Initiation:Information-seeking:fact-based ,NULL,NULL]",2,Adrien,2,020222,"PAR-Initiation:Information-seeking:fact-based  , NULL",
172,papa papa ! [media],"[CHI-Response:Non-answer:declarative,NULL,NULL]","[CHI-Response:Non-answer:declarative,CHI-Response:Answer:non-verbal,NULL]",2,Adrien,2,020222,"CHI-Response:Non-answer:declarative , NULL",CHI-Response:Answer:non-verbal
173,et Adrien comment tu dis Adrien ? [media],"[PAR-Follow-up:Followup-question,PAR-Initiation:Information-seeking:fact-based ,Complex-long]","[PAR-Follow-up:Followup-question,PAR-Initiation:Non-Information-seeking,NULL]",2,Adrien,2,020222,PAR-Follow-up:Followup-question,"PAR-Initiation:Information-seeking:fact-based  , Complex-long , PAR-Initiation:Non-Information-seeking , NULL"
175,coucou et papy il est où papy ? [media],"[PAR-Initiation:Information-seeking:fact-based ,Complex-long,NULL]","[PAR-Initiation:Information-seeking:fact-based ,NULL,NULL]",2,Adrien,2,020222,"PAR-Initiation:Information-seeking:fact-based  , NULL",Complex-long
176,papy ! [media],"[NULL,NULL,NULL]","[CHI-Response:Non-answer:declarative,NULL,NULL]",2,Adrien,2,020222,NULL,CHI-Response:Non-answer:declarative
178,il est où il est à la maison avec mamie ? [media],"[PAR-Initiation:Information-seeking:fact-based ,NULL,NULL]","[PAR-Follow-up:Followup-question,PAR-Initiation:Information-seeking:fact-based ,NULL]",2,Adrien,2,020222,"PAR-Initiation:Information-seeking:fact-based  , NULL",PAR-Follow-up:Followup-question
179,papy yyy . [media],"[CHI-Response:Non-answer:declarative,NULL,NULL]","[CHI-Response:Non-answer:declarative,NULL,NULL]",2,Adrien,2,020222,"CHI-Response:Non-answer:declarative , NULL",
180,il est avec mamie papy ? [media],"[PAR-Follow-up:Followup-question,PAR-Initiation:Information-seeking:fact-based ,NULL]","[PAR-Follow-up:Followup-question,PAR-Initiation:Information-seeking:fact-based ,NULL]",2,Adrien,2,020222,"PAR-Follow-up:Followup-question , PAR-Initiation:Information-seeking:fact-based  , NULL",
181,papy ! [media],"[CHI-Response:Non-answer:declarative,NULL,NULL]","[CHI-Response:Non-answer:declarative,NULL,NULL]",2,Adrien,2,020222,"CHI-Response:Non-answer:declarative , NULL",
182,papapi oui ! [media],"[PAR-Follow-up:Repeat-answer,PAR-Follow-up:Signal-agreement,NULL]","[PAR-Follow-up:Signal-agreement,PAR-Follow-up:Repeat-answer,NULL]",2,Adrien,2,020222,"PAR-Follow-up:Repeat-answer , PAR-Follow-up:Signal-agreement , NULL",
191,et mamie elle est où mamie ? [media],"[PAR-Initiation:Information-seeking:fact-based ,NULL,NULL]","[PAR-Initiation:Information-seeking:fact-based ,NULL,NULL]",2,Adrien,2,020222,"PAR-Initiation:Information-seeking:fact-based  , NULL",
192,mamie ! [media],"[CHI-Response:Non-answer:declarative,NULL,NULL]","[CHI-Response:Non-answer:declarative,NULL,NULL]",2,Adrien,2,020222,"CHI-Response:Non-answer:declarative , NULL",
193,elle est à la maison mamie ? [media],"[PAR-Follow-up:Followup-question,PAR-Initiation:Information-seeking:fact-based ,NULL]","[PAR-Follow-up:Followup-question,PAR-Initiation:Information-seeking:fact-based ,NULL]",2,Adrien,2,020222,"PAR-Follow-up:Followup-question , PAR-Initiation:Information-seeking:fact-based  , NULL",
194,papa ! [media],"[CHI-Response:Non-answer:declarative,NULL,NULL]","[CHI-Response:Non-answer:declarative,NULL,NULL]",2,Adrien,2,020222,"CHI-Response:Non-answer:declarative , NULL",
195,il est où papa oh je le vois pas il est où ? [media],"[PAR-Follow-up:Followup-question,PAR-Initiation:Information-seeking:fact-based ,NULL]","[PAR-Follow-up:Followup-question,PAR-Initiation:Information-seeking:fact-based ,NULL]",2,Adrien,2,020222,"PAR-Follow-up:Followup-question , PAR-Initiation:Information-seeking:fact-based  , NULL",
196,papa ! [media],"[CHI-Response:Non-answer:declarative,CHI-Response:Answer:non-verbal,NULL]","[CHI-Response:Non-answer:declarative,CHI-Response:Answer:non-verbal,NULL]",2,Adrien,2,020222,"CHI-Response:Non-answer:declarative , CHI-Response:Answer:non-verbal , NULL",
197,oui il est là ! [media],"[PAR-Follow-up:Signal-agreement,NULL,NULL]","[PAR-Follow-up:Signal-agreement,NULL,NULL]",2,Adrien,2,020222,"PAR-Follow-up:Signal-agreement , NULL",
198,et tata elle est où ? [media],"[PAR-Follow-up:Followup-question,PAR-Initiation:Information-seeking:fact-based ,NULL]","[PAR-Follow-up:Followup-question,NULL,NULL]",2,Adrien,2,020222,"PAR-Follow-up:Followup-question , NULL",PAR-Initiation:Information-seeking:fact-based 
199,tata ! [media],"[CHI-Response:Non-answer:declarative,NULL,NULL]","[CHI-Response:Non-answer:declarative,NULL,NULL]",2,Adrien,2,020222,"CHI-Response:Non-answer:declarative , NULL",
200,elle est où tata ? [media],"[PAR-Follow-up:Re-ask-initial-question,PAR-Initiation:Information-seeking:fact-based ,NULL]","[PAR-Follow-up:Re-ask-initial-question,PAR-Initiation:Information-seeking:fact-based ,NULL]",2,Adrien,2,020222,"PAR-Follow-up:Re-ask-initial-question , PAR-Initiation:Information-seeking:fact-based  , NULL",
201,partie ! [media],"[CHI-Response:Answer:no-explanation-needed,NULL,NULL]","[CHI-Response:Answer:no-explanation-needed,NULL,NULL]",2,Adrien,2,020222,"CHI-Response:Answer:no-explanation-needed , NULL",
202,elle est à sa maison ! [media],"[PAR-Follow-up:Give-response,NULL,NULL]","[PAR-Follow-up:Give-response,NULL,NULL]",2,Adrien,2,020222,"PAR-Follow-up:Give-response , NULL",
207,et Natacha elle est où Natacha ? [media],"[PAR-Initiation:Information-seeking:fact-based ,NULL,NULL]","[PAR-Initiation:Information-seeking:fact-based ,NULL,NULL]",2,Adrien,2,020222,"PAR-Initiation:Information-seeking:fact-based  , NULL",
208,partie ! [media],"[CHI-Response:Answer:no-explanation-needed,NULL,NULL]","[CHI-Response:Answer:no-explanation-needed,NULL,NULL]",2,Adrien,2,020222,"CHI-Response:Answer:no-explanation-needed , NULL",
209,et Camille ? [media],"[PAR-Follow-up:Followup-question,PAR-Initiation:Information-seeking:fact-based ,NULL]","[PAR-Follow-up:Followup-question,PAR-Initiation:Information-seeking:fact-based ,NULL]",2,Adrien,2,020222,"PAR-Follow-up:Followup-question , PAR-Initiation:Information-seeking:fact-based  , NULL",
210,parti ! [media],"[CHI-Response:Answer:no-explanation-needed,NULL,NULL]","[PAR-Initiation:Information-seeking:fact-based ,NULL,NULL]",2,Adrien,2,020222,NULL,"CHI-Response:Answer:no-explanation-needed , PAR-Initiation:Information-seeking:fact-based "
211,a sa maison ils sont partis et Théodore ? [media],"[PAR-Follow-up:Followup-question,PAR-Initiation:Information-seeking:fact-based ,NULL]","[PAR-Follow-up:Add-info,PAR-Follow-up:Followup-question,PAR-Initiation:Information-seeking:fact-based ]",2,Adrien,2,020222,"PAR-Follow-up:Followup-question , PAR-Initiation:Information-seeking:fact-based ","NULL , PAR-Follow-up:Add-info"
212,parti ! [media],"[CHI-Response:Answer:no-explanation-needed,NULL,NULL]","[CHI-Response:Answer:no-explanation-needed,NULL,NULL]",2,Adrien,2,020222,"CHI-Response:Answer:no-explanation-needed , NULL",
213,oh ben alors ils sont tous partis ! [media],"[PAR-Follow-up:other,NULL,NULL]","[PAR-Follow-up:Add-info,NULL,NULL]",2,Adrien,2,020222,NULL,"PAR-Follow-up:other , PAR-Follow-up:Add-info"
214,comment tu dis Camille Adrien ? [media],"[PAR-Initiation:Information-seeking:fact-based ,Complex-long,NULL]","[PAR-Initiation:Non-Information-seeking,NULL,NULL]",2,Adrien,2,020222,NULL,"PAR-Initiation:Information-seeking:fact-based  , Complex-long , PAR-Initiation:Non-Information-seeking"
216,mamie et Natacha ? [media],"[PAR-Initiation:Information-seeking:fact-based ,NULL,NULL]","[PAR-Initiation:Non-Information-seeking,NULL,NULL]",2,Adrien,2,020222,NULL,"PAR-Initiation:Information-seeking:fact-based  , PAR-Initiation:Non-Information-seeking"
217,parti ! [media],"[CHI-Response:Non-answer:declarative,NULL,NULL]","[NULL,NULL,NULL]",2,Adrien,2,020222,NULL,CHI-Response:Non-answer:declarative
218,comment tu dis Natacha ? [media],"[PAR-Follow-up:Followup-question,PAR-Initiation:Information-seeking:fact-based ,NULL]","[PAR-Initiation:Non-Information-seeking,NULL,NULL]",2,Adrien,2,020222,NULL,"PAR-Follow-up:Followup-question , PAR-Initiation:Information-seeking:fact-based  , PAR-Initiation:Non-Information-seeking"
219,Natacha . [media],"[CHI-Response:Answer:no-explanation-needed,NULL,NULL]","[NULL,NULL,NULL]",2,Adrien,2,020222,NULL,CHI-Response:Answer:no-explanation-needed
220,ouh là c'est xxx elle dit cha cha mais là c'est encore xxx . [media],"[PAR-Follow-up:other,NULL,NULL]","[NULL,NULL,NULL]",2,Adrien,2,020222,NULL,PAR-Follow-up:other
221,thé et Théodore ? [media],"[NULL,NULL,NULL]","[PAR-Initiation:Non-Information-seeking,NULL,NULL]",2,Adrien,2,020222,NULL,PAR-Initiation:Non-Information-seeking
223,comment tu dis comment tu dis Théodore ? [media],"[PAR-Initiation:Information-seeking:fact-based ,Complex-long,NULL]","[PAR-Initiation:Non-Information-seeking,NULL,NULL]",2,Adrien,2,020222,NULL,"PAR-Initiation:Information-seeking:fact-based  , Complex-long , PAR-Initiation:Non-Information-seeking"
225,Arthur oui il est où Arthur ? [media],"[PAR-Initiation:Information-seeking:fact-based ,NULL,NULL]","[PAR-Initiation:Information-seeking:fact-based ,NULL,NULL]",2,Adrien,2,020222,"PAR-Initiation:Information-seeking:fact-based  , NULL",
226,parti ! [media],"[CHI-Response:Answer:no-explanation-needed,NULL,NULL]","[CHI-Response:Answer:no-explanation-needed,NULL,NULL]",2,Adrien,2,020222,"CHI-Response:Answer:no-explanation-needed , NULL",
227,il est parti c'est ton copain Arthur ? [media],"[PAR-Follow-up:Repeat-answer,PAR-Follow-up:Followup-question,PAR-Initiation:Information-seeking:fact-based ]","[PAR-Follow-up:Repeat-answer,PAR-Follow-up:Followup-question,PAR-Initiation:Information-seeking:fact-based ]",2,Adrien,2,020222,"PAR-Follow-up:Repeat-answer , PAR-Follow-up:Followup-question , PAR-Initiation:Information-seeking:fact-based ",
228,hein Adrien ? [media],"[PAR-Initiation:Non-Information-seeking,NULL,NULL]","[CHI-Response:No-response,PAR-Follow-up:Followup-question,PAR-Initiation:Non-Information-seeking]",2,Adrien,2,020222,PAR-Initiation:Non-Information-seeking,"NULL , CHI-Response:No-response , PAR-Follow-up:Followup-question"
229,et comment il s'appelle Arnold ? [media],"[NULL,NULL,NULL]","[PAR-Initiation:Information-seeking:fact-based ,Complex-long,NULL]",2,Adrien,2,020222,NULL,"PAR-Initiation:Information-seeking:fact-based  , Complex-long"
232,il est où Harold ? [media],"[PAR-Initiation:Information-seeking:fact-based ,Complex-long,NULL]","[PAR-Initiation:Information-seeking:fact-based ,Complex-long,NULL]",2,Adrien,2,020222,"PAR-Initiation:Information-seeking:fact-based  , Complex-long , NULL",
234,comment tu dis Harold ? [media],"[PAR-Initiation:Information-seeking:fact-based ,NULL,NULL]","[PAR-Initiation:Non-Information-seeking,NULL,NULL]",2,Adrien,2,020222,NULL,"PAR-Initiation:Information-seeking:fact-based  , PAR-Initiation:Non-Information-seeking"
235,Harold ! [media],"[CHI-Response:Answer:no-explanation-needed,PAR-Follow-up:No-followup,NULL]","[NULL,NULL,NULL]",2,Adrien,2,020222,NULL,"CHI-Response:Answer:no-explanation-needed , PAR-Follow-up:No-followup"
259,nounours ? [media],"[PAR-Initiation:Non-Information-seeking,NULL,NULL]","[PAR-Initiation:Non-Information-seeking,NULL,NULL]",2,Adrien,2,020222,"PAR-Initiation:Non-Information-seeking , NULL",
265,non ? [media],"[PAR-Initiation:Non-Information-seeking,NULL,NULL]","[PAR-Initiation:Non-Information-seeking,NULL,NULL]",2,Adrien,2,020222,"PAR-Initiation:Non-Information-seeking , NULL",
267,allez tu viens mon bonhomme ? [media],"[PAR-Initiation:Non-Information-seeking,NULL,NULL]","[PAR-Initiation:Non-Information-seeking,NULL,NULL]",2,Adrien,2,020222,"PAR-Initiation:Non-Information-seeking , NULL",
270,bon tu ranges Adrien ? [media],"[PAR-Initiation:Non-Information-seeking,NULL,NULL]","[PAR-Initiation:Non-Information-seeking,NULL,NULL]",2,Adrien,2,020222,"PAR-Initiation:Non-Information-seeking , NULL",
273,tu ranges ? [media],"[PAR-Initiation:Non-Information-seeking,NULL,NULL]","[PAR-Initiation:Non-Information-seeking,NULL,NULL]",2,Adrien,2,020222,"PAR-Initiation:Non-Information-seeking , NULL",
278,tu fais exprès de trembler ou quoi ? [media],"[PAR-Initiation:Non-Information-seeking,NULL,NULL]","[PAR-Initiation:Non-Information-seeking,NULL,NULL]",2,Adrien,2,020222,"PAR-Initiation:Non-Information-seeking , NULL",
289,tu veux appuyer ouais ? [media],"[PAR-Initiation:Information-seeking:fact-based ,NULL,NULL]","[PAR-Initiation:Information-seeking:fact-based ,NULL,NULL]",2,Adrien,2,020222,"PAR-Initiation:Information-seeking:fact-based  , NULL",
290,comment tu dis ? [media],"[PAR-Initiation:Information-seeking:fact-based ,NULL,NULL]","[PAR-Initiation:Information-seeking:fact-based ,NULL,NULL]",2,Adrien,2,020222,"PAR-Initiation:Information-seeking:fact-based  , NULL",
291,appuie ! [media],"[CHI-Response:Answer:no-explanation-needed,NULL,NULL]","[CHI-Response:Answer:no-explanation-needed,NULL,NULL]",2,Adrien,2,020222,"CHI-Response:Answer:no-explanation-needed , NULL",
292,c'est appuie pas puie ! [media],"[PAR-Follow-up:Give-response,NULL,NULL]","[PAR-Follow-up:Give-response,NULL,NULL]",2,Adrien,2,020222,"PAR-Follow-up:Give-response , NULL",
296,quoi qu'est-ce qui y a ? [media],"[PAR-Initiation:Information-seeking:fact-based ,CHI-Response:No-label,CHI-Response:Answer:non-verbal]","[PAR-Initiation:Information-seeking:fact-based ,NULL,NULL]",2,Adrien,2,020222,PAR-Initiation:Information-seeking:fact-based ,"CHI-Response:No-label , CHI-Response:Answer:non-verbal , NULL"
297,qu'est-ce qu' y a ? [media],"[PAR-Follow-up:Followup-question,PAR-Initiation:Information-seeking:fact-based ,CHI-Response:No-label]","[PAR-Initiation:Information-seeking:fact-based ,NULL,NULL]",2,Adrien,2,020222,PAR-Initiation:Information-seeking:fact-based ,"PAR-Follow-up:Followup-question , CHI-Response:No-label , NULL"
298,toi qu'est-ce tu quoi ? [media],"[PAR-Follow-up:Followup-question,PAR-Initiation:Information-seeking:fact-based ,CHI-Response:No-label]","[PAR-Initiation:Information-seeking:fact-based ,CHI-Response:Answer:non-verbal,NULL]",2,Adrien,2,020222,PAR-Initiation:Information-seeking:fact-based ,"PAR-Follow-up:Followup-question , CHI-Response:No-label , CHI-Response:Answer:non-verbal , NULL"
299,qu'est-ce qu' y a toi Adrien qu'est-ce tu veux dis-moi ce que tu veux je comprends pas ce que tu veux ! [media],"[CHI-Response:Answer:non-verbal,PAR-Follow-up:other,NULL]","[PAR-Follow-up:other,NULL,NULL]",2,Adrien,2,020222,"PAR-Follow-up:other , NULL",CHI-Response:Answer:non-verbal
302,qu'est-ce tu veux ? [media],"[PAR-Initiation:Information-seeking:fact-based ,NULL,NULL]","[PAR-Initiation:Information-seeking:fact-based ,NULL,NULL]",2,Adrien,2,020222,"PAR-Initiation:Information-seeking:fact-based  , NULL",
303,yyy . [media],"[CHI-Response:No-label,CHI-Response:Answer:non-verbal,NULL]","[CHI-Response:No-label,CHI-Response:Answer:non-verbal,NULL]",2,Adrien,2,020222,"CHI-Response:No-label , CHI-Response:Answer:non-verbal , NULL",
304,qu'est-ce tu veux ? [media],"[PAR-Follow-up:Followup-question,PAR-Initiation:Information-seeking:fact-based ,NULL]","[PAR-Follow-up:Re-ask-initial-question,PAR-Initiation:Information-seeking:fact-based ,NULL]",2,Adrien,2,020222,"PAR-Initiation:Information-seeking:fact-based  , NULL","PAR-Follow-up:Followup-question , PAR-Follow-up:Re-ask-initial-question"
305,yyy . [media],"[CHI-Response:No-label,CHI-Response:Answer:non-verbal,NULL]","[CHI-Response:No-label,NULL,NULL]",2,Adrien,2,020222,"CHI-Response:No-label , NULL",CHI-Response:Answer:non-verbal
306,qu'est-ce tu veux Adrien ? [media],"[PAR-Follow-up:Followup-question,PAR-Initiation:Information-seeking:fact-based ,NULL]","[PAR-Follow-up:Re-ask-initial-question,PAR-Initiation:Information-seeking:fact-based ,NULL]",2,Adrien,2,020222,"PAR-Initiation:Information-seeking:fact-based  , NULL","PAR-Follow-up:Followup-question , PAR-Follow-up:Re-ask-initial-question"
307,yyy . [media],"[CHI-Response:No-label,CHI-Response:Answer:non-verbal,NULL]","[CHI-Response:No-label,NULL,NULL]",2,Adrien,2,020222,"CHI-Response:No-label , NULL",CHI-Response:Answer:non-verbal
308,tu veux quoi dis-moi ce que tu veux Adrien ! [media],"[PAR-Follow-up:other,NULL,NULL]","[PAR-Follow-up:other,NULL,NULL]",2,Adrien,2,020222,"PAR-Follow-up:other , NULL",
313,allez papa xxx le montrer qu'est-ce tu veux qu'est-ce tu veux ? [media],"[PAR-Initiation:Information-seeking:fact-based ,NULL,NULL]","[PAR-Initiation:Information-seeking:fact-based ,NULL,NULL]",2,Adrien,2,020222,"PAR-Initiation:Information-seeking:fact-based  , NULL",
314,doudou ! [media],"[CHI-Response:Answer:no-explanation-needed,NULL,NULL]","[CHI-Response:Answer:no-explanation-needed,NULL,NULL]",2,Adrien,2,020222,"CHI-Response:Answer:no-explanation-needed , NULL",
315,ah oui comment ça s'appelle alors ! [media],"[PAR-Follow-up:Signal-agreement,PAR-Follow-up:Followup-question,PAR-Initiation:Information-seeking:fact-based ]","[PAR-Follow-up:Signal-agreement,PAR-Follow-up:Followup-question,PAR-Initiation:Information-seeking:fact-based ]",2,Adrien,2,020222,"PAR-Follow-up:Signal-agreement , PAR-Follow-up:Followup-question , PAR-Initiation:Information-seeking:fact-based ",
316,ça s'appelle comment ? [media],"[CHI-Response:No-response,PAR-Follow-up:Re-ask-initial-question,PAR-Initiation:Information-seeking:fact-based ]","[PAR-Initiation:Information-seeking:fact-based ,NULL,NULL]",2,Adrien,2,020222,PAR-Initiation:Information-seeking:fact-based ,"CHI-Response:No-response , PAR-Follow-up:Re-ask-initial-question , NULL"
317,yyy . [media],"[CHI-Response:No-label,NULL,NULL]","[CHI-Response:No-label,NULL,NULL]",2,Adrien,2,020222,"CHI-Response:No-label , NULL",
319,qu'est-ce tu veux alors Adrien ? [media],"[PAR-Follow-up:Followup-question,PAR-Initiation:Information-seeking:fact-based ,NULL]","[PAR-Follow-up:Followup-question,PAR-Initiation:Information-seeking:fact-based ,NULL]",2,Adrien,2,020222,"PAR-Follow-up:Followup-question , PAR-Initiation:Information-seeking:fact-based  , NULL",
320,yyy yyy yyy . [media],"[CHI-Response:No-label,NULL,NULL]","[CHI-Response:No-label,NULL,NULL]",2,Adrien,2,020222,"CHI-Response:No-label , NULL",
321,tiens ! [media],"[PAR-Follow-up:other,NULL,NULL]","[PAR-Follow-up:other,NULL,NULL]",2,Adrien,2,020222,"PAR-Follow-up:other , NULL",
329,oui tu veux que papa il fasse gâté ? [media],"[PAR-Initiation:Information-seeking:fact-based ,CHI-Response:No-response,NULL]","[PAR-Initiation:Information-seeking:fact-based ,CHI-Response:No-response,NULL]",2,Adrien,2,020222,"PAR-Initiation:Information-seeking:fact-based  , CHI-Response:No-response , NULL",
330,gâté ! [media],"[PAR-Follow-up:other,NULL,NULL]","[NULL,NULL,NULL]",2,Adrien,2,020222,NULL,PAR-Follow-up:other
332,oh oui gâté avec papa ! [media],"[NULL,NULL,NULL]","[PAR-Follow-up:Signal-agreement,NULL,NULL]",2,Adrien,2,020222,NULL,PAR-Follow-up:Signal-agreement
334,attends xxx tu fais gâté avec papa ? [media],"[PAR-Initiation:Non-Information-seeking,NULL,NULL]","[PAR-Initiation:Non-Information-seeking,NULL,NULL]",2,Adrien,2,020222,"PAR-Initiation:Non-Information-seeking , NULL",
337,non ? [media],"[PAR-Initiation:Non-Information-seeking,NULL,NULL]","[PAR-Initiation:Non-Information-seeking,NULL,NULL]",2,Adrien,2,020222,"PAR-Initiation:Non-Information-seeking , NULL",
342,"bon , regarde ce qu'on te met comment ça s'appelle ça ? [media]","[PAR-Initiation:Information-seeking:fact-based ,NULL,NULL]","[PAR-Initiation:Information-seeking:fact-based ,NULL,NULL]",2,Adrien,2,020222,"PAR-Initiation:Information-seeking:fact-based  , NULL",
343,non ! [media],"[CHI-Response:Non-answer:declarative,NULL,NULL]","[CHI-Response:Non-answer:declarative,NULL,NULL]",2,Adrien,2,020222,"CHI-Response:Non-answer:declarative , NULL",
344,si ! [media],"[PAR-Follow-up:other,NULL,NULL]","[PAR-Follow-up:other,NULL,NULL]",2,Adrien,2,020222,"PAR-Follow-up:other , NULL",
345,comment ça s'appelle ça ? [media],"[PAR-Follow-up:Followup-question,PAR-Initiation:Information-seeking:fact-based ,CHI-Response:No-response]","[PAR-Follow-up:Re-ask-initial-question,PAR-Initiation:Information-seeking:fact-based ,NULL]",2,Adrien,2,020222,PAR-Initiation:Information-seeking:fact-based ,"PAR-Follow-up:Followup-question , CHI-Response:No-response , PAR-Follow-up:Re-ask-initial-question , NULL"
346,gratte-toi pas là comment ça s'appelle ça Adrien ? [media],"[PAR-Follow-up:Re-ask-initial-question,PAR-Initiation:Information-seeking:fact-based ,NULL]","[PAR-Initiation:Information-seeking:fact-based ,NULL,NULL]",2,Adrien,2,020222,"PAR-Initiation:Information-seeking:fact-based  , NULL",PAR-Follow-up:Re-ask-initial-question
347,yyy . [media],"[CHI-Response:No-label,CHI-Response:Answer:non-verbal,NULL]","[CHI-Response:No-label,CHI-Response:Answer:non-verbal,NULL]",2,Adrien,2,020222,"CHI-Response:No-label , CHI-Response:Answer:non-verbal , NULL",
348,ça s'appelle un slip ! [media],"[PAR-Follow-up:Give-response,NULL,NULL]","[PAR-Follow-up:Give-response,NULL,NULL]",2,Adrien,2,020222,"PAR-Follow-up:Give-response , NULL",
350,elle est où ta couche Adrien ? [media],"[PAR-Initiation:Information-seeking:fact-based ,NULL,NULL]","[PAR-Initiation:Information-seeking:fact-based ,NULL,NULL]",2,Adrien,2,020222,"PAR-Initiation:Information-seeking:fact-based  , NULL",
351,non ! [media],"[CHI-Response:Non-answer:declarative,NULL,NULL]","[CHI-Response:Non-answer:declarative,NULL,NULL]",2,Adrien,2,020222,"CHI-Response:Non-answer:declarative , NULL",
352,hé il y en a pas ! [media],"[PAR-Follow-up:Give-response,NULL,NULL]","[PAR-Follow-up:Give-response,NULL,NULL]",2,Adrien,2,020222,"PAR-Follow-up:Give-response , NULL",
353,et où est-ce qu'il faut que tu fasses pipi ou caca Adrien ? [media],"[PAR-Follow-up:Followup-question,PAR-Initiation:Information-seeking:fact-based ,CHI-Response:Answer:non-verbal]","[PAR-Follow-up:Followup-question,PAR-Initiation:Information-seeking:fact-based ,CHI-Response:Answer:non-verbal]",2,Adrien,2,020222,"PAR-Follow-up:Followup-question , PAR-Initiation:Information-seeking:fact-based  , CHI-Response:Answer:non-verbal",
354,ouais comment ça s'appelle ? [media],"[PAR-Follow-up:Signal-agreement,PAR-Follow-up:Followup-question,PAR-Initiation:Information-seeking:fact-based ]","[PAR-Follow-up:Signal-agreement,PAR-Follow-up:Followup-question,PAR-Initiation:Information-seeking:fact-based ]",2,Adrien,2,020222,"PAR-Follow-up:Signal-agreement , PAR-Follow-up:Followup-question , PAR-Initiation:Information-seeking:fact-based ",
355,ça s'appelle où là où tu dois faire pipi ou caca Adrien ? [media],"[PAR-Initiation:Information-seeking:fact-based ,CHI-Response:No-response,NULL]","[PAR-Initiation:Information-seeking:fact-based ,CHI-Response:No-response,NULL]",2,Adrien,2,020222,"PAR-Initiation:Information-seeking:fact-based  , CHI-Response:No-response , NULL",
356,regarde là ici t'as pas de couche ! [media],"[PAR-Follow-up:other,NULL,NULL]","[PAR-Follow-up:Add-info,NULL,NULL]",2,Adrien,2,020222,NULL,"PAR-Follow-up:other , PAR-Follow-up:Add-info"
361,où est-ce que tu dois faire pipi ou caca Adrien ? [media],"[PAR-Initiation:Information-seeking:fact-based ,CHI-Response:No-response,NULL]","[PAR-Initiation:Information-seeking:fact-based ,CHI-Response:No-response,NULL]",2,Adrien,2,020222,"PAR-Initiation:Information-seeking:fact-based  , CHI-Response:No-response , NULL",
362,dans le pot ! [media],"[PAR-Follow-up:Give-response,NULL,NULL]","[PAR-Follow-up:Give-response,NULL,NULL]",2,Adrien,2,020222,"PAR-Follow-up:Give-response , NULL",
368,tu donnes à papa ? [media],"[PAR-Initiation:Non-Information-seeking,NULL,NULL]","[PAR-Initiation:Non-Information-seeking,NULL,NULL]",2,Adrien,2,020222,"PAR-Initiation:Non-Information-seeking , NULL",
374,elles sont où tes pantoufles Adrien ? [media],"[PAR-Initiation:Information-seeking:fact-based ,NULL,NULL]","[PAR-Initiation:Information-seeking:fact-based ,NULL,NULL]",2,Adrien,2,020222,"PAR-Initiation:Information-seeking:fact-based  , NULL",
375,yyy yyy . [media],"[CHI-Response:No-label,CHI-Response:Answer:non-verbal,NULL]","[CHI-Response:No-label,NULL,NULL]",2,Adrien,2,020222,"CHI-Response:No-label , NULL",CHI-Response:Answer:non-verbal
376,tu le veux lui ? [media],"[PAR-Follow-up:Followup-question,PAR-Initiation:Information-seeking:fact-based ,CHI-Response:No-response]","[PAR-Follow-up:Followup-question,PAR-Initiation:Information-seeking:fact-based ,Complex-long]",2,Adrien,2,020222,"PAR-Follow-up:Followup-question , PAR-Initiation:Information-seeking:fact-based ","CHI-Response:No-response , Complex-long"
377,tu le veux lui Adrien regarde ! [media],"[PAR-Follow-up:Re-ask-initial-question,PAR-Initiation:Information-seeking:fact-based ,Complex-long]","[NULL,NULL,NULL]",2,Adrien,2,020222,,"PAR-Follow-up:Re-ask-initial-question , PAR-Initiation:Information-seeking:fact-based  , Complex-long , NULL"
383,qu'est-ce tu cherches Adrien ? [media],"[PAR-Initiation:Information-seeking:fact-based ,NULL,NULL]","[PAR-Initiation:Information-seeking:fact-based ,NULL,NULL]",2,Adrien,2,020222,"PAR-Initiation:Information-seeking:fact-based  , NULL",
384,www . [media],"[CHI-Response:Answer:non-verbal,NULL,NULL]","[CHI-Response:No-label,NULL,NULL]",2,Adrien,2,020222,NULL,"CHI-Response:Answer:non-verbal , CHI-Response:No-label"
385,allez on va chercher des pantoufles ? [media],"[PAR-Follow-up:Followup-question,PAR-Initiation:Non-Information-seeking,NULL]","[PAR-Follow-up:Followup-question,PAR-Initiation:Non-Information-seeking,NULL]",2,Adrien,2,020222,"PAR-Follow-up:Followup-question , PAR-Initiation:Non-Information-seeking , NULL",
387,on va regarder où est le pot Adrien ? [media],"[PAR-Initiation:Non-Information-seeking,NULL,NULL]","[PAR-Initiation:Non-Information-seeking,NULL,NULL]",2,Adrien,2,020222,"PAR-Initiation:Non-Information-seeking , NULL",
388,tu viens voir où est le pot ? [media],"[PAR-Initiation:Non-Information-seeking,NULL,NULL]","[PAR-Initiation:Non-Information-seeking,NULL,NULL]",2,Adrien,2,020222,"PAR-Initiation:Non-Information-seeking , NULL",
393,elles sont où tes pantoufles ? [media],"[PAR-Initiation:Information-seeking:fact-based ,CHI-Response:No-response,NULL]","[PAR-Initiation:Information-seeking:fact-based ,CHI-Response:No-response,NULL]",2,Adrien,2,020222,"PAR-Initiation:Information-seeking:fact-based  , CHI-Response:No-response , NULL",
394,doucement mon bonhomme tiens-toi droit ! [media],"[PAR-Follow-up:other,NULL,NULL]","[PAR-Follow-up:other,NULL,NULL]",2,Adrien,2,020222,"PAR-Follow-up:other , NULL",
395,elles sont où tes pantoufles ? [media],"[PAR-Follow-up:Re-ask-initial-question,PAR-Initiation:Information-seeking:fact-based ,CHI-Response:No-response]","[PAR-Follow-up:Re-ask-initial-question,PAR-Initiation:Information-seeking:fact-based ,CHI-Response:No-response]",2,Adrien,2,020222,"PAR-Follow-up:Re-ask-initial-question , PAR-Initiation:Information-seeking:fact-based  , CHI-Response:No-response",
396,allez viens assis-toi ! [media],"[PAR-Follow-up:other,NULL,NULL]","[PAR-Follow-up:other,NULL,NULL]",2,Adrien,2,020222,"PAR-Follow-up:other , NULL",
399,il est où ton pot Adrien ? [media],"[PAR-Initiation:Information-seeking:fact-based ,NULL,NULL]","[PAR-Initiation:Information-seeking:fact-based ,NULL,NULL]",2,Adrien,2,020222,"PAR-Initiation:Information-seeking:fact-based  , NULL",
400,yyy yyy . [media],"[CHI-Response:No-label,CHI-Response:Answer:non-verbal,NULL]","[CHI-Response:No-label,NULL,NULL]",2,Adrien,2,020222,"CHI-Response:No-label , NULL",CHI-Response:Answer:non-verbal
401,oh oh Adrien ! [media],"[PAR-Follow-up:other,NULL,NULL]","[NULL,NULL,NULL]",2,Adrien,2,020222,NULL,PAR-Follow-up:other
402,on lance pas par terre il est où ton pot Adrien ? [media],"[PAR-Follow-up:Re-ask-initial-question,PAR-Initiation:Information-seeking:fact-based ,CHI-Response:No-response]","[PAR-Follow-up:Re-ask-initial-question,PAR-Initiation:Information-seeking:fact-based ,CHI-Response:No-response]",2,Adrien,2,020222,"PAR-Follow-up:Re-ask-initial-question , PAR-Initiation:Information-seeking:fact-based  , CHI-Response:No-response",
403,regarde ! [media],"[PAR-Follow-up:other,NULL,NULL]","[PAR-Follow-up:other,NULL,NULL]",2,Adrien,2,020222,"PAR-Follow-up:other , NULL",
404,Adrien ? [media],"[PAR-Initiation:Non-Information-seeking,NULL,NULL]","[PAR-Initiation:Non-Information-seeking,NULL,NULL]",2,Adrien,2,020222,"PAR-Initiation:Non-Information-seeking , NULL",
406,où est-ce que tu dois faire pipi et caca ? [media],"[PAR-Initiation:Information-seeking:fact-based ,NULL,NULL]","[PAR-Initiation:Information-seeking:fact-based ,NULL,NULL]",2,Adrien,2,020222,"PAR-Initiation:Information-seeking:fact-based  , NULL",
407,yyy . [media],"[CHI-Response:No-label,CHI-Response:Answer:non-verbal,NULL]","[CHI-Response:No-label,CHI-Response:Answer:non-verbal,NULL]",2,Adrien,2,020222,"CHI-Response:No-label , CHI-Response:Answer:non-verbal , NULL",
408,ici ! [media],"[PAR-Follow-up:Give-response,NULL,NULL]","[PAR-Follow-up:Give-response,NULL,NULL]",2,Adrien,2,020222,"PAR-Follow-up:Give-response , NULL",
417,ça va ? [media],"[PAR-Initiation:Information-seeking:fact-based ,NULL,NULL]","[PAR-Initiation:Non-Information-seeking,NULL,NULL]",2,Adrien,2,020222,NULL,"PAR-Initiation:Information-seeking:fact-based  , PAR-Initiation:Non-Information-seeking"
418,t'es bien là ? [media],"[PAR-Initiation:Information-seeking:fact-based ,NULL,NULL]","[NULL,NULL,NULL]",2,Adrien,2,020222,NULL,PAR-Initiation:Information-seeking:fact-based 
419,t'as vu t'as un petit bagage ? [media],"[PAR-Initiation:Non-Information-seeking,NULL,NULL]","[PAR-Initiation:Non-Information-seeking,NULL,NULL]",2,Adrien,2,020222,"PAR-Initiation:Non-Information-seeking , NULL",
422,tu veux de l'eau ? [media],"[PAR-Initiation:Information-seeking:fact-based ,NULL,NULL]","[PAR-Initiation:Information-seeking:fact-based ,NULL,NULL]",2,Adrien,2,020222,"PAR-Initiation:Information-seeking:fact-based  , NULL",
423,comment on dit Adrien ? [media],"[PAR-Initiation:Information-seeking:fact-based ,NULL,NULL]","[PAR-Initiation:Information-seeking:fact-based ,NULL,NULL]",2,Adrien,2,020222,"PAR-Initiation:Information-seeking:fact-based  , NULL",
424,yyy yyy yyy yyy . [media],"[CHI-Response:No-label,NULL,NULL]","[CHI-Response:No-label,NULL,NULL]",2,Adrien,2,020222,"CHI-Response:No-label , NULL",
425,s'il te plaît ! [media],"[PAR-Follow-up:Give-response,NULL,NULL]","[PAR-Follow-up:Give-response,NULL,NULL]",2,Adrien,2,020222,"PAR-Follow-up:Give-response , NULL",
426,comment ça s'appelle ça Adrien ? [media],"[PAR-Follow-up:Followup-question,PAR-Initiation:Information-seeking:fact-based ,NULL]","[PAR-Follow-up:Followup-question,PAR-Initiation:Information-seeking:fact-based ,NULL]",2,Adrien,2,020222,"PAR-Follow-up:Followup-question , PAR-Initiation:Information-seeking:fact-based  , NULL",
427,lapin ! [media],"[CHI-Response:Answer:no-explanation-needed,NULL,NULL]","[CHI-Response:Answer:no-explanation-needed,NULL,NULL]",2,Adrien,2,020222,"CHI-Response:Answer:no-explanation-needed , NULL",
428,lapin ! [media],"[PAR-Follow-up:Repeat-answer,NULL,NULL]","[PAR-Follow-up:Repeat-answer,NULL,NULL]",2,Adrien,2,020222,"PAR-Follow-up:Repeat-answer , NULL",
430,et ça ? [media],"[PAR-Initiation:Information-seeking:fact-based ,NULL,NULL]","[PAR-Follow-up:Followup-question,PAR-Initiation:Information-seeking:fact-based ,NULL]",2,Adrien,2,020222,"PAR-Initiation:Information-seeking:fact-based  , NULL",PAR-Follow-up:Followup-question
431,ballon ! [media],"[CHI-Response:Answer:no-explanation-needed,NULL,NULL]","[CHI-Response:Answer:no-explanation-needed,NULL,NULL]",2,Adrien,2,020222,"CHI-Response:Answer:no-explanation-needed , NULL",
432,ballon ! [media],"[PAR-Follow-up:Repeat-answer,NULL,NULL]","[PAR-Follow-up:Repeat-answer,NULL,NULL]",2,Adrien,2,020222,"PAR-Follow-up:Repeat-answer , NULL",
433,et comment ils font les lapins Adrien ? [media],"[PAR-Follow-up:Followup-question,PAR-Initiation:Information-seeking:fact-based ,NULL]","[PAR-Follow-up:Followup-question,PAR-Initiation:Information-seeking:fact-based ,NULL]",2,Adrien,2,020222,"PAR-Follow-up:Followup-question , PAR-Initiation:Information-seeking:fact-based  , NULL",
434,lapin ! [media],"[CHI-Response:Non-answer:declarative,NULL,NULL]","[CHI-Response:Non-answer:declarative,NULL,NULL]",2,Adrien,2,020222,"CHI-Response:Non-answer:declarative , NULL",
435,comment ils font les lapins ? [media],"[PAR-Follow-up:Re-ask-initial-question,PAR-Initiation:Information-seeking:fact-based ,CHI-Response:No-response]","[PAR-Follow-up:Re-ask-initial-question,PAR-Initiation:Information-seeking:fact-based ,NULL]",2,Adrien,2,020222,"PAR-Follow-up:Re-ask-initial-question , PAR-Initiation:Information-seeking:fact-based ","CHI-Response:No-response , NULL"
436,hein comment ils font ? [media],"[PAR-Follow-up:Re-ask-initial-question,PAR-Initiation:Information-seeking:fact-based ,NULL]","[PAR-Initiation:Information-seeking:fact-based ,NULL,NULL]",2,Adrien,2,020222,"PAR-Initiation:Information-seeking:fact-based  , NULL",PAR-Follow-up:Re-ask-initial-question
437,lapin ! [media],"[CHI-Response:Answer:no-explanation-needed,CHI-Response:Non-answer:declarative,NULL]","[CHI-Response:Non-answer:declarative,NULL,NULL]",2,Adrien,2,020222,"CHI-Response:Non-answer:declarative , NULL",CHI-Response:Answer:no-explanation-needed
438,ils font comment les lapins ? [media],"[PAR-Follow-up:Re-ask-initial-question,PAR-Initiation:Information-seeking:fact-based ,NULL]","[PAR-Follow-up:Re-ask-initial-question,PAR-Initiation:Information-seeking:fact-based ,NULL]",2,Adrien,2,020222,"PAR-Follow-up:Re-ask-initial-question , PAR-Initiation:Information-seeking:fact-based  , NULL",
439,lapin ! [media],"[CHI-Response:Non-answer:declarative,NULL,NULL]","[CHI-Response:Non-answer:declarative,NULL,NULL]",2,Adrien,2,020222,"CHI-Response:Non-answer:declarative , NULL",
440,comment ils font Adrien tiens ! [media],"[PAR-Follow-up:Re-ask-initial-question,PAR-Initiation:Information-seeking:fact-based ,CHI-Response:Answer:no-explanation-needed]","[PAR-Follow-up:other,NULL,NULL]",2,Adrien,2,020222,,"PAR-Follow-up:Re-ask-initial-question , PAR-Initiation:Information-seeking:fact-based  , CHI-Response:Answer:no-explanation-needed , PAR-Follow-up:other , NULL"
441,comment on dit ? [media],"[PAR-Follow-up:Followup-question,PAR-Initiation:Information-seeking:fact-based ,NULL]","[PAR-Follow-up:Followup-question,PAR-Initiation:Information-seeking:fact-based ,NULL]",2,Adrien,2,020222,"PAR-Follow-up:Followup-question , PAR-Initiation:Information-seeking:fact-based  , NULL",
442,merci ! [media],"[CHI-Response:Answer:no-explanation-needed,PAR-Follow-up:No-followup,NULL]","[CHI-Response:Answer:no-explanation-needed,PAR-Follow-up:No-followup,NULL]",2,Adrien,2,020222,"CHI-Response:Answer:no-explanation-needed , PAR-Follow-up:No-followup , NULL",
446,tu veux écouter de la musique Adrien ? [media],"[PAR-Initiation:Information-seeking:fact-based ,NULL,NULL]","[PAR-Initiation:Information-seeking:fact-based ,NULL,NULL]",2,Adrien,2,020222,"PAR-Initiation:Information-seeking:fact-based  , NULL",
447,non ! [media],"[CHI-Response:Answer:no-explanation-needed,NULL,NULL]","[CHI-Response:Answer:no-explanation-needed,NULL,NULL]",2,Adrien,2,020222,"CHI-Response:Answer:no-explanation-needed , NULL",
449,tiens tu viens mon bonhomme ? [media],"[PAR-Follow-up:Followup-question,PAR-Initiation:Non-Information-seeking,NULL]","[PAR-Follow-up:Followup-question,PAR-Initiation:Non-Information-seeking,NULL]",2,Adrien,2,020222,"PAR-Follow-up:Followup-question , PAR-Initiation:Non-Information-seeking , NULL",
455,tu danses ? [media],"[PAR-Initiation:Non-Information-seeking,NULL,NULL]","[PAR-Initiation:Non-Information-seeking,NULL,NULL]",2,Adrien,2,020222,"PAR-Initiation:Non-Information-seeking , NULL",
458,allez tu danses Adrien ? [media],"[PAR-Initiation:Non-Information-seeking,NULL,NULL]","[PAR-Initiation:Non-Information-seeking,NULL,NULL]",2,Adrien,2,020222,"PAR-Initiation:Non-Information-seeking , NULL",
461,non tu veux pas danser ? [media],"[PAR-Initiation:Information-seeking:fact-based ,CHI-Response:No-response,NULL]","[PAR-Initiation:Information-seeking:fact-based ,CHI-Response:No-response,NULL]",2,Adrien,2,020222,"PAR-Initiation:Information-seeking:fact-based  , CHI-Response:No-response , NULL",
462,et ben tu veux pas ? [media],"[PAR-Follow-up:Followup-question,PAR-Initiation:Information-seeking:fact-based ,CHI-Response:No-response]","[PAR-Follow-up:Followup-question,PAR-Initiation:Information-seeking:fact-based ,CHI-Response:No-response]",2,Adrien,2,020222,"PAR-Follow-up:Followup-question , PAR-Initiation:Information-seeking:fact-based  , CHI-Response:No-response",
463,attends ! [media],"[PAR-Follow-up:other,NULL,NULL]","[NULL,NULL,NULL]",2,Adrien,2,020222,NULL,PAR-Follow-up:other
464,qu'est-ce tu veux ? [media],"[PAR-Follow-up:Followup-question,PAR-Initiation:Information-seeking:fact-based ,NULL]","[PAR-Follow-up:Followup-question,PAR-Initiation:Information-seeking:fact-based ,NULL]",2,Adrien,2,020222,"PAR-Follow-up:Followup-question , PAR-Initiation:Information-seeking:fact-based  , NULL",
465,www . [media],"[CHI-Response:No-label,CHI-Response:Answer:non-verbal,NULL]","[CHI-Response:No-label,NULL,NULL]",2,Adrien,2,020222,"CHI-Response:No-label , NULL",CHI-Response:Answer:non-verbal
466,c'est à toi ça oui ? [media],"[PAR-Follow-up:Followup-question,PAR-Initiation:Information-seeking:fact-based ,NULL]","[PAR-Follow-up:Followup-question,PAR-Initiation:Non-Information-seeking,NULL]",2,Adrien,2,020222,"PAR-Follow-up:Followup-question , NULL","PAR-Initiation:Information-seeking:fact-based  , PAR-Initiation:Non-Information-seeking"
467,tu veux qu'on mette ton tu veux qu'on mette ton jeu Adrien ? [media],"[PAR-Initiation:Information-seeking:fact-based ,CHI-Response:No-response,NULL]","[PAR-Initiation:Information-seeking:fact-based ,NULL,NULL]",2,Adrien,2,020222,"PAR-Initiation:Information-seeking:fact-based  , NULL",CHI-Response:No-response
468,est-ce que tu veux ton jeu Adrien ? [media],"[PAR-Follow-up:Re-ask-initial-question,PAR-Initiation:Information-seeking:fact-based ,NULL]","[PAR-Initiation:Information-seeking:fact-based ,NULL,NULL]",2,Adrien,2,020222,"PAR-Initiation:Information-seeking:fact-based  , NULL",PAR-Follow-up:Re-ask-initial-question
469,yyy . [media],"[CHI-Response:No-label,NULL,NULL]","[CHI-Response:No-label,NULL,NULL]",2,Adrien,2,020222,"CHI-Response:No-label , NULL",
470,ça là tu le veux ça ? [media],"[PAR-Follow-up:Followup-question,PAR-Initiation:Information-seeking:fact-based ,NULL]","[PAR-Follow-up:Followup-question,PAR-Initiation:Information-seeking:fact-based ,NULL]",2,Adrien,2,020222,"PAR-Follow-up:Followup-question , PAR-Initiation:Information-seeking:fact-based  , NULL",
471,yyy . [media],"[CHI-Response:No-label,CHI-Response:Answer:non-verbal,NULL]","[CHI-Response:No-label,CHI-Response:Answer:non-verbal,NULL]",2,Adrien,2,020222,"CHI-Response:No-label , CHI-Response:Answer:non-verbal , NULL",
472,oui comment tu dis ? [media],"[PAR-Follow-up:Signal-agreement,PAR-Follow-up:Followup-question,PAR-Initiation:Information-seeking:fact-based ]","[PAR-Follow-up:Signal-agreement,PAR-Follow-up:Followup-question,PAR-Initiation:Information-seeking:fact-based ]",2,Adrien,2,020222,"PAR-Follow-up:Signal-agreement , PAR-Follow-up:Followup-question , PAR-Initiation:Information-seeking:fact-based ",
473,tu veux ça ? [media],"[PAR-Initiation:Information-seeking:fact-based ,NULL,NULL]","[CHI-Response:No-response,PAR-Follow-up:Followup-question,PAR-Initiation:Information-seeking:fact-based ]",2,Adrien,2,020222,PAR-Initiation:Information-seeking:fact-based ,"NULL , CHI-Response:No-response , PAR-Follow-up:Followup-question"
474,yyy . [media],"[CHI-Response:No-label,NULL,NULL]","[CHI-Response:No-label,NULL,NULL]",2,Adrien,2,020222,"CHI-Response:No-label , NULL",
475,ouais . [media],"[PAR-Follow-up:Signal-agreement,NULL,NULL]","[PAR-Follow-up:Signal-agreement,NULL,NULL]",2,Adrien,2,020222,"PAR-Follow-up:Signal-agreement , NULL",
478,tu le veux le jeu ? [media],"[PAR-Initiation:Information-seeking:fact-based ,NULL,NULL]","[PAR-Initiation:Information-seeking:fact-based ,NULL,NULL]",2,Adrien,2,020222,"PAR-Initiation:Information-seeking:fact-based  , NULL",
479,jeu ! [media],"[CHI-Response:Non-answer:declarative,NULL,NULL]","[CHI-Response:Non-answer:declarative,NULL,NULL]",2,Adrien,2,020222,"CHI-Response:Non-answer:declarative , NULL",
480,le jeu ! [media],"[PAR-Follow-up:Repeat-answer,NULL,NULL]","[PAR-Follow-up:Repeat-answer,NULL,NULL]",2,Adrien,2,020222,"PAR-Follow-up:Repeat-answer , NULL",
482,tu veux qu'on joue à ça ? [media],"[PAR-Initiation:Information-seeking:fact-based ,Complex-long,NULL]","[PAR-Initiation:Information-seeking:fact-based ,NULL,NULL]",2,Adrien,2,020222,"PAR-Initiation:Information-seeking:fact-based  , NULL",Complex-long
483,jeu ! [media],"[NULL,NULL,NULL]","[CHI-Response:Non-answer:declarative,NULL,NULL]",2,Adrien,2,020222,NULL,CHI-Response:Non-answer:declarative
486,c'est un truc qu'on a acheté il y a une souris pour lui avec des jeux . [media],"[NULL,NULL,NULL]","[PAR-Follow-up:other,NULL,NULL]",2,Adrien,2,020222,NULL,PAR-Follow-up:other
495,ouais tu prends ta souris ? [media],"[PAR-Initiation:Non-Information-seeking,NULL,NULL]","[PAR-Initiation:Non-Information-seeking,NULL,NULL]",2,Adrien,2,020222,"PAR-Initiation:Non-Information-seeking , NULL",
497,c'est à qui cette souris Adrien ? [media],"[PAR-Initiation:Information-seeking:fact-based ,CHI-Response:No-response,NULL]","[PAR-Initiation:Information-seeking:fact-based ,NULL,NULL]",2,Adrien,2,020222,"PAR-Initiation:Information-seeking:fact-based  , NULL",CHI-Response:No-response
498,elle est à qui cette souris Adrien ? [media],"[PAR-Follow-up:Re-ask-initial-question,PAR-Initiation:Information-seeking:fact-based ,CHI-Response:Answer:non-verbal]","[PAR-Initiation:Information-seeking:fact-based ,CHI-Response:No-response,NULL]",2,Adrien,2,020222,PAR-Initiation:Information-seeking:fact-based ,"PAR-Follow-up:Re-ask-initial-question , CHI-Response:Answer:non-verbal , CHI-Response:No-response , NULL"
499,tiens on va essayer le non tiens on va essayer le c_d numéro deux ! [media],"[PAR-Follow-up:Add-info,NULL,NULL]","[PAR-Follow-up:other,NULL,NULL]",2,Adrien,2,020222,NULL,"PAR-Follow-up:Add-info , PAR-Follow-up:other"
501,elle est à qui cette souris Adrien ? [media],"[PAR-Initiation:Information-seeking:fact-based ,NULL,NULL]","[PAR-Follow-up:Followup-question,PAR-Initiation:Information-seeking:fact-based ,NULL]",2,Adrien,2,020222,"PAR-Initiation:Information-seeking:fact-based  , NULL",PAR-Follow-up:Followup-question
502,yyy . [media],"[CHI-Response:No-label,CHI-Response:Answer:non-verbal,NULL]","[CHI-Response:No-label,CHI-Response:Answer:non-verbal,NULL]",2,Adrien,2,020222,"CHI-Response:No-label , CHI-Response:Answer:non-verbal , NULL",
503,elle est à toi oui ! [media],"[PAR-Follow-up:Signal-agreement,NULL,NULL]","[PAR-Follow-up:Signal-agreement,PAR-Follow-up:Give-response,NULL]",2,Adrien,2,020222,"PAR-Follow-up:Signal-agreement , NULL",PAR-Follow-up:Give-response
505,ouais ? [media],"[PAR-Initiation:Non-Information-seeking,NULL,NULL]","[PAR-Initiation:Non-Information-seeking,NULL,NULL]",2,Adrien,2,020222,"PAR-Initiation:Non-Information-seeking , NULL",
515,c'est qui ? [media],"[PAR-Initiation:Information-seeking:fact-based ,NULL,NULL]","[PAR-Initiation:Information-seeking:fact-based ,NULL,NULL]",2,Adrien,2,020222,"PAR-Initiation:Information-seeking:fact-based  , NULL",
516,maman maman ! [media],"[CHI-Response:Answer:no-explanation-needed,CHI-Response:Answer:non-verbal,NULL]","[CHI-Response:Answer:no-explanation-needed,NULL,NULL]",2,Adrien,2,020222,"CHI-Response:Answer:no-explanation-needed , NULL",CHI-Response:Answer:non-verbal
517,regarde Adrien oh ! [media],"[PAR-Follow-up:other,NULL,NULL]","[PAR-Follow-up:other,NULL,NULL]",2,Adrien,2,020222,"PAR-Follow-up:other , NULL",
520,comment il s'appelle lui ? [media],"[PAR-Initiation:Information-seeking:fact-based ,NULL,NULL]","[PAR-Initiation:Information-seeking:fact-based ,NULL,NULL]",2,Adrien,2,020222,"PAR-Initiation:Information-seeking:fact-based  , NULL",
521,yyy . [media],"[CHI-Response:No-label,NULL,NULL]","[CHI-Response:No-label,NULL,NULL]",2,Adrien,2,020222,"CHI-Response:No-label , NULL",
522,non c'est un ours ! [media],"[PAR-Follow-up:Signal-disagreement,PAR-Follow-up:Give-response,NULL]","[PAR-Follow-up:Signal-disagreement,PAR-Follow-up:Give-response,NULL]",2,Adrien,2,020222,"PAR-Follow-up:Signal-disagreement , PAR-Follow-up:Give-response , NULL",
523,regarde alors sur quoi on va jouer ? [media],"[PAR-Follow-up:Followup-question,PAR-Initiation:Information-seeking:fact-based ,CHI-Response:No-response]","[PAR-Follow-up:Followup-question,PAR-Initiation:Information-seeking:fact-based ,No-response+No-follow-up]",2,Adrien,2,020222,"PAR-Follow-up:Followup-question , PAR-Initiation:Information-seeking:fact-based ","CHI-Response:No-response , No-response+No-follow-up"
524,je les connais pas jeux on va les découvrir en général c'est vachement balèze ! [media],"[PAR-Follow-up:other,NULL,NULL]","[NULL,NULL,NULL]",2,Adrien,2,020222,NULL,PAR-Follow-up:other
530,tu peux mettre ça dans ta voiture ? [media],"[PAR-Initiation:Information-seeking:fact-based ,NULL,NULL]","[PAR-Initiation:Information-seeking:fact-based ,NULL,NULL]",2,Adrien,2,020222,"PAR-Initiation:Information-seeking:fact-based  , NULL",
531,oui ! [media],"[CHI-Response:Answer:no-explanation-needed,PAR-Follow-up:No-followup,NULL]","[CHI-Response:Answer:no-explanation-needed,PAR-Follow-up:No-followup,NULL]",2,Adrien,2,020222,"CHI-Response:Answer:no-explanation-needed , PAR-Follow-up:No-followup , NULL",
537,t'appuies sur le bouton ? [media],"[PAR-Initiation:Non-Information-seeking,NULL,NULL]","[PAR-Initiation:Non-Information-seeking,NULL,NULL]",2,Adrien,2,020222,"PAR-Initiation:Non-Information-seeking , NULL",
540,comment elle fait la voiture ? [media],"[PAR-Initiation:Information-seeking:fact-based ,NULL,NULL]","[PAR-Initiation:Information-seeking:fact-based ,NULL,NULL]",2,Adrien,2,020222,"PAR-Initiation:Information-seeking:fact-based  , NULL",
541,boum ! [media],"[CHI-Response:Answer:no-explanation-needed,NULL,NULL]","[CHI-Response:Answer:no-explanation-needed,NULL,NULL]",2,Adrien,2,020222,"CHI-Response:Answer:no-explanation-needed , NULL",
542,tu veux aider maman ? [media],"[PAR-Follow-up:Followup-question,PAR-Initiation:Information-seeking:fact-based ,NULL]","[PAR-Follow-up:Followup-question,PAR-Initiation:Information-seeking:fact-based ,NULL]",2,Adrien,2,020222,"PAR-Follow-up:Followup-question , PAR-Initiation:Information-seeking:fact-based  , NULL",
543,carton ! [media],"[CHI-Response:Non-answer:declarative,NULL,NULL]","[CHI-Response:Non-answer:declarative,NULL,NULL]",2,Adrien,2,020222,"CHI-Response:Non-answer:declarative , NULL",
545,attends Adrien alors attends ! [media],"[PAR-Follow-up:other,NULL,NULL]","[PAR-Follow-up:other,NULL,NULL]",2,Adrien,2,020222,"PAR-Follow-up:other , NULL",
546,xxx c'est pour qui ? [media],"[PAR-Follow-up:Followup-question,PAR-Initiation:Information-seeking:fact-based ,CHI-Response:No-response]","[PAR-Initiation:Information-seeking:fact-based ,CHI-Response:No-response,NULL]",2,Adrien,2,020222,"PAR-Initiation:Information-seeking:fact-based  , CHI-Response:No-response","PAR-Follow-up:Followup-question , NULL"
547,ouh c'est lourd ! [media],"[PAR-Follow-up:other,NULL,NULL]","[PAR-Follow-up:other,NULL,NULL]",2,Adrien,2,020222,"PAR-Follow-up:other , NULL",
557,tu permets peut-être ? [media],"[PAR-Initiation:Non-Information-seeking,NULL,NULL]","[PAR-Initiation:Non-Information-seeking,NULL,NULL]",2,Adrien,2,020222,"PAR-Initiation:Non-Information-seeking , NULL",
561,quoi tatu ? [media],"[PAR-Initiation:Information-seeking:fact-based ,No-response+No-follow-up,NULL]","[PAR-Initiation:Information-seeking:fact-based ,NULL,NULL]",2,Adrien,2,020222,"PAR-Initiation:Information-seeking:fact-based  , NULL",No-response+No-follow-up
562,carton carton ! [media],"[NULL,NULL,NULL]","[CHI-Response:Non-answer:declarative,PAR-Follow-up:No-followup,NULL]",2,Adrien,2,020222,NULL,"CHI-Response:Non-answer:declarative , PAR-Follow-up:No-followup"
570,il est où ton père ? [media],"[PAR-Initiation:Information-seeking:fact-based ,CHI-Response:No-response,NULL]","[PAR-Initiation:Information-seeking:fact-based ,NULL,NULL]",2,Adrien,2,020222,"PAR-Initiation:Information-seeking:fact-based  , NULL",CHI-Response:No-response
571,il est où papa ? [media],"[PAR-Follow-up:Re-ask-initial-question,PAR-Initiation:Information-seeking:fact-based ,NULL]","[PAR-Initiation:Information-seeking:fact-based ,NULL,NULL]",2,Adrien,2,020222,"PAR-Initiation:Information-seeking:fact-based  , NULL",PAR-Follow-up:Re-ask-initial-question
572,parti ! [media],"[CHI-Response:Answer:no-explanation-needed,NULL,NULL]","[CHI-Response:Answer:no-explanation-needed,NULL,NULL]",2,Adrien,2,020222,"CHI-Response:Answer:no-explanation-needed , NULL",
573,qu'est-ce que c'est ça ? [media],"[PAR-Follow-up:Followup-question,PAR-Initiation:Information-seeking:fact-based ,NULL]","[PAR-Follow-up:Followup-question,PAR-Initiation:Information-seeking:fact-based ,NULL]",2,Adrien,2,020222,"PAR-Follow-up:Followup-question , PAR-Initiation:Information-seeking:fact-based  , NULL",
574,carton ! [media],"[CHI-Response:Answer:no-explanation-needed,NULL,NULL]","[CHI-Response:Answer:no-explanation-needed,NULL,NULL]",2,Adrien,2,020222,"CHI-Response:Answer:no-explanation-needed , NULL",
575,des cartons pas des cadeaux ! [media],"[PAR-Follow-up:Give-response,NULL,NULL]","[PAR-Follow-up:Give-response,NULL,NULL]",2,Adrien,2,020222,"PAR-Follow-up:Give-response , NULL",
576,et c'est pour qui ce qu' y a dedans ? [media],"[PAR-Follow-up:Followup-question,PAR-Initiation:Information-seeking:fact-based ,NULL]","[PAR-Follow-up:Followup-question,PAR-Initiation:Information-seeking:fact-based ,NULL]",2,Adrien,2,020222,"PAR-Follow-up:Followup-question , PAR-Initiation:Information-seeking:fact-based  , NULL",
577,yyy . [media],"[CHI-Response:No-label,CHI-Response:Answer:non-verbal,NULL]","[CHI-Response:No-label,CHI-Response:Answer:non-verbal,NULL]",2,Adrien,2,020222,"CHI-Response:No-label , CHI-Response:Answer:non-verbal , NULL",
578,c'est tout pour toi tu crois ? [media],"[PAR-Follow-up:Followup-question,PAR-Initiation:Information-seeking:fact-based ,CHI-Response:No-response]","[PAR-Follow-up:Followup-question,PAR-Initiation:Information-seeking:fact-based ,CHI-Response:No-response]",2,Adrien,2,020222,"PAR-Follow-up:Followup-question , PAR-Initiation:Information-seeking:fact-based  , CHI-Response:No-response",
579,tiens tu aides maman tu enlèves et tu mets là sur la table mon chéri ! [media],"[PAR-Follow-up:other,NULL,NULL]","[PAR-Follow-up:other,NULL,NULL]",2,Adrien,2,020222,"PAR-Follow-up:other , NULL",
582,pourquoi t'enlèves mon chéri ça ? [media],"[PAR-Initiation:Information-seeking:explanation-based,NULL,NULL]","[PAR-Initiation:Information-seeking:fact-based ,NULL,NULL]",2,Adrien,2,020222,NULL,"PAR-Initiation:Information-seeking:explanation-based , PAR-Initiation:Information-seeking:fact-based "
583,yyy . [media],"[CHI-Response:No-label,NULL,NULL]","[CHI-Response:No-label,PAR-Follow-up:No-followup,NULL]",2,Adrien,2,020222,"CHI-Response:No-label , NULL",PAR-Follow-up:No-followup
584,allez Adrien ! [media],"[PAR-Follow-up:other,NULL,NULL]","[NULL,NULL,NULL]",2,Adrien,2,020222,NULL,PAR-Follow-up:other
588,tu vas mettre les cartons là-bas ? [media],"[PAR-Initiation:Non-Information-seeking,NULL,NULL]","[PAR-Initiation:Non-Information-seeking,NULL,NULL]",2,Adrien,2,020222,"PAR-Initiation:Non-Information-seeking , NULL",
596,tu mets le carton dedans ? [media],"[PAR-Initiation:Non-Information-seeking,NULL,NULL]","[PAR-Initiation:Non-Information-seeking,NULL,NULL]",2,Adrien,2,020222,"PAR-Initiation:Non-Information-seeking , NULL",
598,tiens ça aussi ? [media],"[PAR-Initiation:Non-Information-seeking,NULL,NULL]","[PAR-Initiation:Non-Information-seeking,NULL,NULL]",2,Adrien,2,020222,"PAR-Initiation:Non-Information-seeking , NULL",
601,tiens regarde ça c'est à qui ? [media],"[PAR-Initiation:Information-seeking:fact-based ,NULL,NULL]","[PAR-Initiation:Information-seeking:fact-based ,NULL,NULL]",2,Adrien,2,020222,"PAR-Initiation:Information-seeking:fact-based  , NULL",
602,tu vas mettre dans ta chambre ? [media],"[PAR-Initiation:Non-Information-seeking,NULL,NULL]","[PAR-Initiation:Non-Information-seeking,NULL,NULL]",2,Adrien,2,020222,"PAR-Initiation:Non-Information-seeking , NULL",
607,regarde tu peux enlever le carton tu le mets à côté ? [media],"[PAR-Initiation:Non-Information-seeking,NULL,NULL]","[PAR-Initiation:Non-Information-seeking,NULL,NULL]",2,Adrien,2,020222,"PAR-Initiation:Non-Information-seeking , NULL",
608,non ça tu vas mettre le carton à côté ! [media],"[PAR-Initiation:Non-Information-seeking,NULL,NULL]","[NULL,NULL,NULL]",2,Adrien,2,020222,NULL,PAR-Initiation:Non-Information-seeking
626,qu'est-ce qu' y a ? [media],"[PAR-Initiation:Information-seeking:fact-based ,NULL,NULL]","[PAR-Initiation:Information-seeking:fact-based ,NULL,NULL]",2,Adrien,2,020222,"PAR-Initiation:Information-seeking:fact-based  , NULL",
627,yyy . [media],"[CHI-Response:No-label,NULL,NULL]","[CHI-Response:No-label,NULL,NULL]",2,Adrien,2,020222,"CHI-Response:No-label , NULL",
629,attends papa il travaille ! [media],"[PAR-Follow-up:other,NULL,NULL]","[PAR-Follow-up:other,NULL,NULL]",2,Adrien,2,020222,"PAR-Follow-up:other , NULL",
642,c'est qui c'est maman et papa ? [media],"[PAR-Initiation:Information-seeking:fact-based ,NULL,NULL]","[PAR-Initiation:Information-seeking:fact-based ,NULL,NULL]",2,Adrien,2,020222,"PAR-Initiation:Information-seeking:fact-based  , NULL",
643,lunettes ! [media],"[CHI-Response:Non-answer:declarative,CHI-Response:Answer:non-verbal,NULL]","[CHI-Response:Non-answer:declarative,NULL,NULL]",2,Adrien,2,020222,"CHI-Response:Non-answer:declarative , NULL",CHI-Response:Answer:non-verbal
645,papa maman ! [media],"[CHI-Response:Answer:no-explanation-needed,CHI-Response:Answer:non-verbal,NULL]","[NULL,NULL,NULL]",2,Adrien,2,020222,NULL,"CHI-Response:Answer:no-explanation-needed , CHI-Response:Answer:non-verbal"
646,oui ! [media],"[PAR-Follow-up:Signal-agreement,NULL,NULL]","[PAR-Follow-up:Signal-agreement,NULL,NULL]",2,Adrien,2,020222,"PAR-Follow-up:Signal-agreement , NULL",
648,comment tu dis ça Adrien c'est des comment ça ça s'appelle ? [media],"[PAR-Initiation:Information-seeking:fact-based ,NULL,NULL]","[PAR-Initiation:Information-seeking:fact-based ,NULL,NULL]",2,Adrien,2,020222,"PAR-Initiation:Information-seeking:fact-based  , NULL",
650,lunettes ! [media],"[CHI-Response:Answer:no-explanation-needed,NULL,NULL]","[CHI-Response:Answer:no-explanation-needed,NULL,NULL]",2,Adrien,2,020222,"CHI-Response:Answer:no-explanation-needed , NULL",
651,lunettes Adrien ! [media],"[PAR-Follow-up:Give-response,NULL,NULL]","[PAR-Follow-up:Repeat-answer,NULL,NULL]",2,Adrien,2,020222,NULL,"PAR-Follow-up:Give-response , PAR-Follow-up:Repeat-answer"
654,tu vas aider maman ? [media],"[PAR-Initiation:Non-Information-seeking,NULL,NULL]","[PAR-Initiation:Non-Information-seeking,NULL,NULL]",2,Adrien,2,020222,"PAR-Initiation:Non-Information-seeking , NULL",
658,tu mets dans le carton ? [media],"[PAR-Initiation:Non-Information-seeking,NULL,NULL]","[PAR-Initiation:Non-Information-seeking,NULL,NULL]",2,Adrien,2,020222,"PAR-Initiation:Non-Information-seeking , NULL",
665,tiens tu mets dans le carton ça ? [media],"[PAR-Initiation:Non-Information-seeking,NULL,NULL]","[PAR-Initiation:Non-Information-seeking,NULL,NULL]",2,Adrien,2,020222,"PAR-Initiation:Non-Information-seeking , NULL",
668,comment tu dis oui ? [media],"[PAR-Initiation:Information-seeking:fact-based ,NULL,NULL]","[PAR-Initiation:Information-seeking:fact-based ,NULL,NULL]",2,Adrien,2,020222,"PAR-Initiation:Information-seeking:fact-based  , NULL",
669,par . [media],"[CHI-Response:Answer:no-explanation-needed,NULL,NULL]","[NULL,NULL,NULL]",2,Adrien,2,020222,NULL,CHI-Response:Answer:no-explanation-needed
670,pardon ! [media],"[NULL,NULL,NULL]","[CHI-Response:Answer:no-explanation-needed,NULL,NULL]",2,Adrien,2,020222,NULL,CHI-Response:Answer:no-explanation-needed
671,pardon oui c'est bien mon chéri ! [media],"[PAR-Follow-up:Repeat-answer,PAR-Follow-up:Signal-agreement,NULL]","[PAR-Follow-up:Signal-agreement,PAR-Follow-up:Repeat-answer,NULL]",2,Adrien,2,020222,"PAR-Follow-up:Repeat-answer , PAR-Follow-up:Signal-agreement , NULL",
672,Adrien tu vas pas manger ça maintenant ? [media],"[PAR-Follow-up:Followup-question,PAR-Initiation:Non-Information-seeking,NULL]","[PAR-Initiation:Non-Information-seeking,NULL,NULL]",2,Adrien,2,020222,"PAR-Initiation:Non-Information-seeking , NULL",PAR-Follow-up:Followup-question
674,Adrien qu'est-ce que tu fais ? [media],"[PAR-Initiation:Information-seeking:fact-based ,CHI-Response:Answer:non-verbal,NULL]","[PAR-Initiation:Information-seeking:fact-based ,NULL,NULL]",2,Adrien,2,020222,"PAR-Initiation:Information-seeking:fact-based  , NULL",CHI-Response:Answer:non-verbal
675,tiens Adrien tu mets dans le carton ça ? [media],"[PAR-Follow-up:No-followup,PAR-Initiation:Non-Information-seeking,NULL]","[PAR-Initiation:Non-Information-seeking,NULL,NULL]",2,Adrien,2,020222,"PAR-Initiation:Non-Information-seeking , NULL",PAR-Follow-up:No-followup
677,dans le carton ? [media],"[PAR-Initiation:Non-Information-seeking,NULL,NULL]","[PAR-Initiation:Non-Information-seeking,NULL,NULL]",2,Adrien,2,020222,"PAR-Initiation:Non-Information-seeking , NULL",
693,tiens tu vas mettre dans le carton ? [media],"[PAR-Initiation:Non-Information-seeking,NULL,NULL]","[PAR-Initiation:Non-Information-seeking,NULL,NULL]",2,Adrien,2,020222,"PAR-Initiation:Non-Information-seeking , NULL",
696,tiens tu mets dans le carton ? [media],"[PAR-Initiation:Non-Information-seeking,NULL,NULL]","[PAR-Initiation:Non-Information-seeking,NULL,NULL]",2,Adrien,2,020222,"PAR-Initiation:Non-Information-seeking , NULL",
701,carton mon chéri tu mets dans le carton ? [media],"[PAR-Initiation:Non-Information-seeking,NULL,NULL]","[PAR-Initiation:Non-Information-seeking,NULL,NULL]",2,Adrien,2,020222,"PAR-Initiation:Non-Information-seeking , NULL",
708,tiens on va ouvrir l'autre carton viens on va ouvrir un autre carton Adrien ? [media],"[PAR-Initiation:Non-Information-seeking,NULL,NULL]","[PAR-Initiation:Non-Information-seeking,NULL,NULL]",2,Adrien,2,020222,"PAR-Initiation:Non-Information-seeking , NULL",
710,tiens tu fermes le frigo ? [media],"[PAR-Initiation:Non-Information-seeking,NULL,NULL]","[PAR-Initiation:Non-Information-seeking,NULL,NULL]",2,Adrien,2,020222,"PAR-Initiation:Non-Information-seeking , NULL",
712,Adrien tu fermes le frigo s'te plaît ? [media],"[PAR-Initiation:Non-Information-seeking,NULL,NULL]","[PAR-Initiation:Non-Information-seeking,NULL,NULL]",2,Adrien,2,020222,"PAR-Initiation:Non-Information-seeking , NULL",
718,tu viens le donner à maman ? [media],"[PAR-Initiation:Non-Information-seeking,NULL,NULL]","[PAR-Initiation:Non-Information-seeking,NULL,NULL]",2,Adrien,2,020222,"PAR-Initiation:Non-Information-seeking , NULL",
724,tu vas mettre dans le carton ? [media],"[PAR-Initiation:Non-Information-seeking,NULL,NULL]","[PAR-Initiation:Non-Information-seeking,NULL,NULL]",2,Adrien,2,020222,"PAR-Initiation:Non-Information-seeking , NULL",
731,qu'est-ce qu' y a non non ? [media],"[PAR-Initiation:Information-seeking:fact-based ,NULL,NULL]","[PAR-Initiation:Non-Information-seeking,NULL,NULL]",2,Adrien,2,020222,NULL,"PAR-Initiation:Information-seeking:fact-based  , PAR-Initiation:Non-Information-seeking"
732,yyy non ! [media],"[CHI-Response:Non-answer:declarative,NULL,NULL]","[NULL,NULL,NULL]",2,Adrien,2,020222,NULL,CHI-Response:Non-answer:declarative
733,non non Adrien les caprices tu commences pas ! [media],"[PAR-Follow-up:other,NULL,NULL]","[NULL,NULL,NULL]",2,Adrien,2,020222,NULL,PAR-Follow-up:other
736,qu'est-ce qu' y a ? [media],"[PAR-Initiation:Information-seeking:fact-based ,NULL,NULL]","[PAR-Initiation:Information-seeking:fact-based ,CHI-Response:No-label,CHI-Response:Answer:non-verbal]",2,Adrien,2,020222,PAR-Initiation:Information-seeking:fact-based ,"NULL , CHI-Response:No-label , CHI-Response:Answer:non-verbal"
738,yyy non yyy non ! [media],"[CHI-Response:Non-answer:declarative,CHI-Response:Answer:non-verbal,NULL]","[NULL,NULL,NULL]",2,Adrien,2,020222,NULL,"CHI-Response:Non-answer:declarative , CHI-Response:Answer:non-verbal"
739,et oui tu peux pas attraper t'es trop petit tiens ! [media],"[PAR-Follow-up:Add-info,NULL,NULL]","[PAR-Follow-up:Add-info,NULL,NULL]",2,Adrien,2,020222,"PAR-Follow-up:Add-info , NULL",
741,c'est froid ? [media],"[PAR-Initiation:Information-seeking:fact-based ,CHI-Response:No-response,NULL]","[PAR-Initiation:Information-seeking:fact-based ,CHI-Response:No-response,NULL]",2,Adrien,2,020222,"PAR-Initiation:Information-seeking:fact-based  , CHI-Response:No-response , NULL",
742,ouh c'est froid ! [media],"[PAR-Follow-up:other,NULL,NULL]","[PAR-Follow-up:other,NULL,NULL]",2,Adrien,2,020222,"PAR-Follow-up:other , NULL",
744,qu'est-ce que tu veux Adrien ? [media],"[PAR-Initiation:Information-seeking:fact-based ,NULL,NULL]","[PAR-Initiation:Information-seeking:fact-based ,NULL,NULL]",2,Adrien,2,020222,"PAR-Initiation:Information-seeking:fact-based  , NULL",
745,yyy non ! [media],"[CHI-Response:Non-answer:declarative,CHI-Response:Answer:non-verbal,NULL]","[CHI-Response:Non-answer:declarative,NULL,NULL]",2,Adrien,2,020222,"CHI-Response:Non-answer:declarative , NULL",CHI-Response:Answer:non-verbal
746,non quoi ? [media],"[PAR-Follow-up:Followup-question,PAR-Initiation:Information-seeking:fact-based ,CHI-Response:No-response]","[PAR-Follow-up:Followup-question,No-response+No-follow-up,NULL]",2,Adrien,2,020222,PAR-Follow-up:Followup-question,"PAR-Initiation:Information-seeking:fact-based  , CHI-Response:No-response , No-response+No-follow-up , NULL"
747,bienvenue chez les alcoolos . [media],"[PAR-Follow-up:other,NULL,NULL]","[NULL,NULL,NULL]",2,Adrien,2,020222,NULL,PAR-Follow-up:other
750,tiens tu mets le carton ? [media],"[PAR-Initiation:Non-Information-seeking,NULL,NULL]","[PAR-Initiation:Non-Information-seeking,NULL,NULL]",2,Adrien,2,020222,"PAR-Initiation:Non-Information-seeking , NULL",
752,tu vas mettre dans le carton ça ? [media],"[PAR-Initiation:Non-Information-seeking,NULL,NULL]","[PAR-Initiation:Non-Information-seeking,NULL,NULL]",2,Adrien,2,020222,"PAR-Initiation:Non-Information-seeking , NULL",
757,allez on ouvre un autre car tiens tu prends on ouvre un autre carton ? [media],"[PAR-Initiation:Non-Information-seeking,NULL,NULL]","[PAR-Initiation:Non-Information-seeking,NULL,NULL]",2,Adrien,2,020222,"PAR-Initiation:Non-Information-seeking , NULL",
758,qu'est-ce qu' y a ? [media],"[PAR-Initiation:Information-seeking:fact-based ,NULL,NULL]","[PAR-Initiation:Information-seeking:fact-based ,NULL,NULL]",2,Adrien,2,020222,"PAR-Initiation:Information-seeking:fact-based  , NULL",
759,carton ! [media],"[CHI-Response:Non-answer:declarative,NULL,NULL]","[CHI-Response:Non-answer:declarative,NULL,NULL]",2,Adrien,2,020222,"CHI-Response:Non-answer:declarative , NULL",
761,ah c'est quoi ça ? [media],"[PAR-Follow-up:Followup-question,PAR-Initiation:Information-seeking:fact-based ,CHI-Response:No-response]","[PAR-Follow-up:Followup-question,PAR-Initiation:Information-seeking:fact-based ,NULL]",2,Adrien,2,020222,"PAR-Follow-up:Followup-question , PAR-Initiation:Information-seeking:fact-based ","CHI-Response:No-response , NULL"
762,tiens ! [media],"[PAR-Follow-up:other,NULL,NULL]","[NULL,NULL,NULL]",2,Adrien,2,020222,NULL,PAR-Follow-up:other
763,yyy . [media],"[NULL,NULL,NULL]","[CHI-Response:No-label,NULL,NULL]",2,Adrien,2,020222,NULL,CHI-Response:No-label
764,ça c'est pour qui ça ? [media],"[PAR-Initiation:Information-seeking:fact-based ,NULL,NULL]","[PAR-Follow-up:Followup-question,PAR-Initiation:Information-seeking:fact-based ,CHI-Response:No-response]",2,Adrien,2,020222,PAR-Initiation:Information-seeking:fact-based ,"NULL , PAR-Follow-up:Followup-question , CHI-Response:No-response"
765,yyy . [media],"[CHI-Response:No-label,NULL,NULL]","[NULL,NULL,NULL]",2,Adrien,2,020222,NULL,CHI-Response:No-label
766,c'est pour qui c'est pour Adri tu vas mettre dans ta chambre ? [media],"[PAR-Follow-up:Followup-question,PAR-Initiation:Non-Information-seeking,NULL]","[PAR-Follow-up:Give-response,PAR-Follow-up:Followup-question,PAR-Initiation:Non-Information-seeking]",2,Adrien,2,020222,"PAR-Follow-up:Followup-question , PAR-Initiation:Non-Information-seeking","NULL , PAR-Follow-up:Give-response"
775,oui ? [media],"[PAR-Initiation:Information-seeking:fact-based ,NULL,NULL]","[PAR-Initiation:Non-Information-seeking,NULL,NULL]",2,Adrien,2,020222,NULL,"PAR-Initiation:Information-seeking:fact-based  , PAR-Initiation:Non-Information-seeking"
776,maman maman ! [media],"[CHI-Response:Non-answer:declarative,NULL,NULL]","[NULL,NULL,NULL]",2,Adrien,2,020222,NULL,CHI-Response:Non-answer:declarative
778,oui c'est bien t'es un grand garçon ! [media],"[PAR-Follow-up:Signal-agreement,NULL,NULL]","[NULL,NULL,NULL]",2,Adrien,2,020222,NULL,PAR-Follow-up:Signal-agreement
785,qu'est-ce que je vois c'est pour qui ça ? [media],"[PAR-Initiation:Information-seeking:fact-based ,NULL,NULL]","[PAR-Initiation:Information-seeking:fact-based ,NULL,NULL]",2,Adrien,2,020222,"PAR-Initiation:Information-seeking:fact-based  , NULL",
786,carton ! [media],"[CHI-Response:Non-answer:declarative,NULL,NULL]","[CHI-Response:Non-answer:declarative,NULL,NULL]",2,Adrien,2,020222,"CHI-Response:Non-answer:declarative , NULL",
788,c'est pour qui tiens tu vas mettre dans ta chambre ? [media],"[PAR-Follow-up:Followup-question,PAR-Initiation:Non-Information-seeking,NULL]","[PAR-Follow-up:Followup-question,PAR-Initiation:Non-Information-seeking,NULL]",2,Adrien,2,020222,"PAR-Follow-up:Followup-question , PAR-Initiation:Non-Information-seeking , NULL",
800,tiens Adrien tu vas mettre dans le carton ? [media],"[PAR-Initiation:Non-Information-seeking,NULL,NULL]","[PAR-Initiation:Non-Information-seeking,NULL,NULL]",2,Adrien,2,020222,"PAR-Initiation:Non-Information-seeking , NULL",
802,tu mets dans le carton mon chéri ? [media],"[PAR-Initiation:Non-Information-seeking,NULL,NULL]","[PAR-Initiation:Non-Information-seeking,NULL,NULL]",2,Adrien,2,020222,"PAR-Initiation:Non-Information-seeking , NULL",
804,tu mets dans le carton aussi ? [media],"[PAR-Initiation:Non-Information-seeking,NULL,NULL]","[PAR-Initiation:Non-Information-seeking,NULL,NULL]",2,Adrien,2,020222,"PAR-Initiation:Non-Information-seeking , NULL",
809,ça tu le mets dans le frigo ? [media],"[PAR-Initiation:Non-Information-seeking,NULL,NULL]","[PAR-Initiation:Non-Information-seeking,NULL,NULL]",2,Adrien,2,020222,"PAR-Initiation:Non-Information-seeking , NULL",
816,ça c'est pour qui ça ? [media],"[PAR-Initiation:Information-seeking:fact-based ,NULL,NULL]","[PAR-Initiation:Information-seeking:fact-based ,NULL,NULL]",2,Adrien,2,020222,"PAR-Initiation:Information-seeking:fact-based  , NULL",
817,la bouteille d'eau c'est quoi ça ? [media],"[PAR-Initiation:Information-seeking:fact-based ,CHI-Response:No-response,NULL]","[PAR-Initiation:Information-seeking:fact-based ,NULL,NULL]",2,Adrien,2,020222,"PAR-Initiation:Information-seeking:fact-based  , NULL",CHI-Response:No-response
818,Adrien c'est quoi ? [media],"[PAR-Follow-up:Re-ask-initial-question,PAR-Initiation:Information-seeking:fact-based ,NULL]","[PAR-Initiation:Information-seeking:fact-based ,NULL,NULL]",2,Adrien,2,020222,"PAR-Initiation:Information-seeking:fact-based  , NULL",PAR-Follow-up:Re-ask-initial-question
819,non ! [media],"[CHI-Response:Non-answer:declarative,NULL,NULL]","[NULL,NULL,NULL]",2,Adrien,2,020222,NULL,CHI-Response:Non-answer:declarative
820,c'est quoi c'est un lapin ? [media],"[PAR-Follow-up:Followup-question,PAR-Initiation:Information-seeking:fact-based ,NULL]","[PAR-Initiation:Information-seeking:fact-based ,NULL,NULL]",2,Adrien,2,020222,"PAR-Initiation:Information-seeking:fact-based  , NULL",PAR-Follow-up:Followup-question
821,lapin ! [media],"[CHI-Response:Answer:no-explanation-needed,NULL,NULL]","[CHI-Response:Answer:no-explanation-needed,NULL,NULL]",2,Adrien,2,020222,"CHI-Response:Answer:no-explanation-needed , NULL",
822,oui c'est un pinpin ? [media],"[PAR-Follow-up:Signal-agreement,PAR-Follow-up:Followup-question,PAR-Initiation:Information-seeking:fact-based ]","[PAR-Follow-up:Signal-agreement,PAR-Follow-up:Followup-question,PAR-Initiation:Information-seeking:fact-based ]",2,Adrien,2,020222,"PAR-Follow-up:Signal-agreement , PAR-Follow-up:Followup-question , PAR-Initiation:Information-seeking:fact-based ",
823,Emeric les cartons ! [media],"[Complex-long,NULL,NULL]","[Complex-long,NULL,NULL]",2,Adrien,2,020222,"Complex-long , NULL",
827,tu veux boire ? [media],"[PAR-Initiation:Information-seeking:fact-based ,NULL,NULL]","[PAR-Initiation:Information-seeking:fact-based ,NULL,NULL]",2,Adrien,2,020222,"PAR-Initiation:Information-seeking:fact-based  , NULL",
828,yyy veux boire ! [media],"[CHI-Response:Answer:no-explanation-needed,NULL,NULL]","[CHI-Response:Answer:no-explanation-needed,NULL,NULL]",2,Adrien,2,020222,"CHI-Response:Answer:no-explanation-needed , NULL",
830,tiens Adrien ! [media],"[PAR-Follow-up:other,NULL,NULL]","[PAR-Follow-up:other,NULL,NULL]",2,Adrien,2,020222,"PAR-Follow-up:other , NULL",
831,je vais te l'ouvrir ? [media],"[NULL,NULL,NULL]","[PAR-Initiation:Non-Information-seeking,NULL,NULL]",2,Adrien,2,020222,NULL,PAR-Initiation:Non-Information-seeking
833,tu me donnes la bouteille d'eau ? [media],"[PAR-Initiation:Non-Information-seeking,NULL,NULL]","[PAR-Initiation:Non-Information-seeking,NULL,NULL]",2,Adrien,2,020222,"PAR-Initiation:Non-Information-seeking , NULL",
835,tu mets dans le carton ? [media],"[PAR-Initiation:Non-Information-seeking,NULL,NULL]","[PAR-Initiation:Non-Information-seeking,NULL,NULL]",2,Adrien,2,020222,"PAR-Initiation:Non-Information-seeking , NULL",
836,tu me donnes la bouteille ? [media],"[PAR-Initiation:Non-Information-seeking,NULL,NULL]","[PAR-Initiation:Non-Information-seeking,NULL,NULL]",2,Adrien,2,020222,"PAR-Initiation:Non-Information-seeking , NULL",
842,comment tu fais tu sautes ? [media],"[PAR-Initiation:Information-seeking:fact-based ,CHI-Response:Answer:non-verbal,NULL]","[PAR-Initiation:Non-Information-seeking,NULL,NULL]",2,Adrien,2,020222,NULL,"PAR-Initiation:Information-seeking:fact-based  , CHI-Response:Answer:non-verbal , PAR-Initiation:Non-Information-seeking"
843,comment tu fais pour sauter ouais ! [media],"[PAR-Follow-up:Signal-agreement,NULL,NULL]","[NULL,NULL,NULL]",2,Adrien,2,020222,NULL,PAR-Follow-up:Signal-agreement
848,qu'est-ce qu'on dit ? [media],"[PAR-Initiation:Information-seeking:fact-based ,NULL,NULL]","[PAR-Initiation:Information-seeking:fact-based ,NULL,NULL]",2,Adrien,2,020222,"PAR-Initiation:Information-seeking:fact-based  , NULL",
849,merci ! [media],"[CHI-Response:Answer:no-explanation-needed,NULL,NULL]","[CHI-Response:Answer:no-explanation-needed,NULL,NULL]",2,Adrien,2,020222,"CHI-Response:Answer:no-explanation-needed , NULL",
850,voilà ! [media],"[PAR-Follow-up:Signal-agreement,NULL,NULL]","[PAR-Follow-up:Signal-agreement,NULL,NULL]",2,Adrien,2,020222,"PAR-Follow-up:Signal-agreement , NULL",
862,t'as fini Adrien les conneries deux secondes ? [media],"[PAR-Initiation:Non-Information-seeking,NULL,NULL]","[PAR-Initiation:Non-Information-seeking,NULL,NULL]",2,Adrien,2,020222,"PAR-Initiation:Non-Information-seeking , NULL",
864,tiens tu mets dans le carton s'il te plaît ? [media],"[PAR-Initiation:Non-Information-seeking,NULL,NULL]","[PAR-Initiation:Non-Information-seeking,NULL,NULL]",2,Adrien,2,020222,"PAR-Initiation:Non-Information-seeking , NULL",
866,dans le carton ? [media],"[PAR-Initiation:Non-Information-seeking,NULL,NULL]","[PAR-Initiation:Non-Information-seeking,NULL,NULL]",2,Adrien,2,020222,"PAR-Initiation:Non-Information-seeking , NULL",
868,tiens Adrien tu vas me chercher les bouteilles de lait ? [media],"[PAR-Initiation:Non-Information-seeking,NULL,NULL]","[PAR-Initiation:Non-Information-seeking,NULL,NULL]",2,Adrien,2,020222,"PAR-Initiation:Non-Information-seeking , NULL",
869,tu me donnes les bouteilles comme ça ? [media],"[PAR-Initiation:Non-Information-seeking,NULL,NULL]","[PAR-Initiation:Non-Information-seeking,NULL,NULL]",2,Adrien,2,020222,"PAR-Initiation:Non-Information-seeking , NULL",
872,une autre ? [media],"[PAR-Initiation:Non-Information-seeking,NULL,NULL]","[PAR-Initiation:Non-Information-seeking,NULL,NULL]",2,Adrien,2,020222,"PAR-Initiation:Non-Information-seeking , NULL",
874,on va ranger les bouteilles Adrien ? [media],"[PAR-Initiation:Non-Information-seeking,NULL,NULL]","[PAR-Initiation:Non-Information-seeking,NULL,NULL]",2,Adrien,2,020222,"PAR-Initiation:Non-Information-seeking , NULL",
875,Adrien regarde \<None\> \<None\> \<None\> on va ranger les bouteilles ? [media],"[PAR-Initiation:Non-Information-seeking,NULL,NULL]","[PAR-Initiation:Non-Information-seeking,NULL,NULL]",2,Adrien,2,020222,"PAR-Initiation:Non-Information-seeking , NULL",
876,pourquoi \<None\> \<None\> tu manges ton doigt ? [media],"[PAR-Initiation:Information-seeking:explanation-based,NULL,NULL]","[PAR-Initiation:Information-seeking:fact-based ,CHI-Response:No-response,NULL]",2,Adrien,2,020222,NULL,"PAR-Initiation:Information-seeking:explanation-based , PAR-Initiation:Information-seeking:fact-based  , CHI-Response:No-response"
877,tiens tu mets dans le carton ? [media],"[PAR-Initiation:Non-Information-seeking,NULL,NULL]","[PAR-Follow-up:Followup-question,PAR-Initiation:Non-Information-seeking,NULL]",2,Adrien,2,020222,"PAR-Initiation:Non-Information-seeking , NULL",PAR-Follow-up:Followup-question
884,tiens tu me donnes des bouteilles Adrien ? [media],"[PAR-Initiation:Non-Information-seeking,NULL,NULL]","[PAR-Initiation:Non-Information-seeking,NULL,NULL]",2,Adrien,2,020222,"PAR-Initiation:Non-Information-seeking , NULL",
888,encore ? [media],"[PAR-Initiation:Non-Information-seeking,NULL,NULL]","[PAR-Initiation:Non-Information-seeking,NULL,NULL]",2,Adrien,2,020222,"PAR-Initiation:Non-Information-seeking , NULL",
898,non celle-ci c'est celle qui est ouverte tu veux boire ? [media],"[PAR-Initiation:Information-seeking:fact-based ,NULL,NULL]","[PAR-Initiation:Information-seeking:fact-based ,NULL,NULL]",2,Adrien,2,020222,"PAR-Initiation:Information-seeking:fact-based  , NULL",
899,je veux boire ! [media],"[CHI-Response:Answer:no-explanation-needed,NULL,NULL]","[CHI-Response:Answer:no-explanation-needed,NULL,NULL]",2,Adrien,2,020222,"CHI-Response:Answer:no-explanation-needed , NULL",
901,tu fais doucement quand tu bois ! [media],"[PAR-Follow-up:other,NULL,NULL]","[PAR-Follow-up:other,NULL,NULL]",2,Adrien,2,020222,"PAR-Follow-up:other , NULL",
905,comment tu fais quand c'est froid ? [media],"[PAR-Initiation:Information-seeking:fact-based ,CHI-Response:No-response,NULL]","[PAR-Initiation:Information-seeking:fact-based ,CHI-Response:Answer:non-verbal,NULL]",2,Adrien,2,020222,"PAR-Initiation:Information-seeking:fact-based  , NULL","CHI-Response:No-response , CHI-Response:Answer:non-verbal"
906,oui il y a un carton où xxx il y a plein de trucs c'est le carton de recyclage ! [media],"[PAR-Follow-up:other,NULL,NULL]","[PAR-Follow-up:Signal-agreement,NULL,NULL]",2,Adrien,2,020222,NULL,"PAR-Follow-up:other , PAR-Follow-up:Signal-agreement"
925,qu'est-ce que tu fais Adrien ? [media],"[PAR-Initiation:Information-seeking:fact-based ,CHI-Response:No-response,NULL]","[PAR-Initiation:Information-seeking:fact-based ,CHI-Response:No-response,NULL]",2,Adrien,2,020222,"PAR-Initiation:Information-seeking:fact-based  , CHI-Response:No-response , NULL",
926,tiens laisse ! [media],"[PAR-Follow-up:other,NULL,NULL]","[PAR-Follow-up:other,NULL,NULL]",2,Adrien,2,020222,"PAR-Follow-up:other , NULL",
933,regarde Elsa il est où Adrien ? [media],"[PAR-Initiation:Non-Information-seeking,NULL,NULL]","[PAR-Initiation:Non-Information-seeking,NULL,NULL]",2,Adrien,2,020222,"PAR-Initiation:Non-Information-seeking , NULL",
934,bah il est où Adrien ? [media],"[PAR-Initiation:Non-Information-seeking,NULL,NULL]","[PAR-Initiation:Non-Information-seeking,NULL,NULL]",2,Adrien,2,020222,"PAR-Initiation:Non-Information-seeking , NULL",
935,il est où vas_y accroupis-toi Adrien accroupis-toi non ? [media],"[PAR-Initiation:Non-Information-seeking,NULL,NULL]","[PAR-Initiation:Non-Information-seeking,NULL,NULL]",2,Adrien,2,020222,"PAR-Initiation:Non-Information-seeking , NULL",
936,mon bonhomme ? [media],"[PAR-Initiation:Non-Information-seeking,NULL,NULL]","[PAR-Initiation:Non-Information-seeking,NULL,NULL]",2,Adrien,2,020222,"PAR-Initiation:Non-Information-seeking , NULL",
